
   INFO  Server running on [http://127.0.0.1:8000].  

  Press Ctrl+C to stop the server

  2026-09-03 15:19:02 /notifications/unread-count ............................................................. ~ 6 s
  2026-09-03 15:19:09 /notifications/unread-count ............................................................. ~ 1 s
  2026-09-03 15:19:22 /client/intervention/20 ................................................................. ~ 5 s
  2026-09-03 15:19:27 /notifications/unread-count ............................................................. ~ 3 s
  2026-09-03 15:19:31 /build/assets/app-DhHRnsUj.css ...................................................... ~ 10.99ms
  2026-09-03 15:19:31 /build/assets/app-BlOeppPe.js ....................................................... ~ 23.14ms
  2026-09-03 15:19:31 /manifest.json ...................................................................... ~ 21.61ms
  2026-09-03 15:19:32 /.well-known/appspecific/com.chrome.devtools.json ....................................... ~ 2 s
  2026-09-03 15:19:35 /icon-144.png ........................................................................ ~ 1.97ms
  2026-09-03 15:19:47 /notifications/unread-count ............................................................. ~ 8 s
  2026-09-03 15:20:03 /notifications/unread-count ............................................................. ~ 1 s
  2026-09-03 15:20:17 /notifications/unread-count ........................................................ ~ 505.94ms
  2026-09-03 15:20:33 /notifications/unread-count ............................................................. ~ 3 s
  2026-09-03 15:20:48 /notifications/unread-count ............................................................. ~ 1 s
  2026-09-03 15:21:02 /notifications/unread-count ............................................................. ~ 1 s
  2026-09-03 15:22:09 /notifications/unread-count ............................................................. ~ 2 s
  2026-09-03 15:23:09 /notifications/unread-count ............................................................. ~ 1 s
  2026-09-03 15:24:10 /notifications/unread-count ............................................................. ~ 6 s
  2026-09-03 15:25:09 /notifications/unread-count ............................................................. ~ 5 s
  2026-09-03 15:25:53 /login .................................................................................. ~ 2 s
  2026-09-03 15:26:09 /notifications/unread-count ............................................................. ~ 2 s
  2026-09-03 15:27:09 /notifications/unread-count ............................................................. ~ 2 s
  2026-09-03 15:28:09 /notifications/unread-count ............................................................. ~ 3 s
  2026-09-03 15:29:09 /notifications/unread-count ............................................................. ~ 1 s
  2026-09-03 15:30:03 /notifications/unread-count ............................................................ ~ 10 s
  2026-09-03 15:30:14 /notifications/unread-count ............................................................. ~ 4 s
  2026-09-03 15:30:18 /notifications/unread-count ............................................................. ~ 1 s
  2026-09-03 15:30:36 /notifications/unread-count ............................................................. ~ 5 s
  2026-09-03 15:31:53 /notifications/unread-count ............................................................. ~ 8 s
  2026-09-03 15:32:03 /notifications/unread-count ............................................................. ~ 1 s
  2026-09-03 15:34:45 /notifications/unread-count ............................................................ ~ 13 s
  2026-09-03 15:38:19 /notifications/unread-count ............................................................ ~ 11 s
  2026-09-03 15:38:31 /notifications/unread-count ............................................................. ~ 6 s
  2026-09-03 15:38:47 /notifications/unread-count ............................................................ ~ 15 s
  2026-09-03 15:39:02 /notifications/unread-count ............................................................. ~ 8 s
  2026-09-03 15:41:56 /notifications/unread-count ............................................................. ~ 7 s
  2026-09-03 15:42:04 /notifications/unread-count ............................................................. ~ 1 s
  2026-09-03 15:42:17 /notifications/unread-count ............................................................. ~ 2 s
  2026-09-03 15:42:32 /notifications/unread-count ............................................................. ~ 3 s
  2026-09-03 15:42:49 /notifications/unread-count ............................................................. ~ 8 s
  2026-09-03 15:43:02 /notifications/unread-count ............................................................. ~ 2 s
  2026-09-03 15:43:17 /client/intervention/20 ................................................................ ~ 15 s
  2026-09-03 15:43:32 /notifications/unread-count ............................................................. ~ 3 s
  2026-09-03 15:43:36 /build/assets/app-DhHRnsUj.css ....................................................... ~ 0.31ms
  2026-09-03 15:43:36 /build/assets/app-BlOeppPe.js ........................................................ ~ 6.52ms
  2026-09-03 15:43:36 /manifest.json ...................................................................... ~ 10.15ms
  2026-09-03 15:43:36 /favicon.png ......................................................................... ~ 0.41ms
  2026-09-03 15:43:37 /icon-144.png ........................................................................ ~ 2.18ms
  2026-09-03 15:43:52 /notifications/unread-count ............................................................. ~ 3 s
  2026-09-03 15:44:07 /notifications/unread-count ............................................................. ~ 6 s
  2026-09-03 15:44:23 /notifications/unread-count ............................................................. ~ 2 s
  2026-09-03 15:44:37 /notifications/unread-count ............................................................. ~ 5 s
  2026-09-03 15:45:21 /client/intervention/20 ................................................................. ~ 5 s
  2026-09-03 15:45:21 /notifications/unread-count ............................................................. ~ 6 s
  2026-09-03 15:45:28 /notifications/unread-count ........................................................ ~ 501.04ms
  2026-09-03 15:45:30 /build/assets/app-DhHRnsUj.css ....................................................... ~ 0.46ms
  2026-09-03 15:45:30 /manifest.json ....................................................................... ~ 4.17ms
  2026-09-03 15:45:30 /build/assets/app-BlOeppPe.js ........................................................ ~ 7.75ms
  2026-09-03 15:45:31 /favicon.png ......................................................................... ~ 0.39ms
  2026-09-03 15:45:31 /icon-144.png ........................................................................ ~ 2.19ms
  2026-09-03 15:45:42 /notifications .......................................................................... ~ 2 s
  2026-09-03 15:45:46 /build/assets/app-DhHRnsUj.css ....................................................... ~ 2.78ms
  2026-09-03 15:45:46 /build/assets/app-BlOeppPe.js ....................................................... ~ 16.39ms
  2026-09-03 15:45:46 /manifest.json ....................................................................... ~ 5.92ms
  2026-09-03 15:45:47 /icon-144.png ........................................................................ ~ 0.29ms
  2026-09-03 15:45:47 /favicon.png ......................................................................... ~ 2.89ms
  2026-09-03 15:46:02 /notifications/unread-count ............................................................. ~ 2 s
  2026-09-03 15:46:21 /notifications/unread-count ............................................................. ~ 9 s
  2026-09-03 15:46:46 /notifications/unread-count ............................................................. ~ 4 s
  2026-09-03 15:46:51 /notifications/unread-count ............................................................. ~ 1 s
  2026-09-03 15:47:02 /notifications/unread-count ............................................................. ~ 7 s
  2026-09-03 15:47:17 /notifications/unread-count ............................................................. ~ 3 s
  2026-09-03 15:48:09 /notifications/unread-count ............................................................. ~ 4 s
  2026-09-03 15:49:09 /notifications/unread-count ............................................................. ~ 9 s
  2026-09-03 15:50:10 /notifications/unread-count ............................................................. ~ 3 s
  2026-09-03 15:51:09 /notifications/unread-count ............................................................. ~ 2 s
  2026-09-03 15:51:27 /notifications/unread-count ............................................................ ~ 10 s
  2026-09-03 15:51:38 /.well-known/appspecific/com.chrome.devtools.json ....................................... ~ 3 s
  2026-09-03 15:51:38 /notifications/unread-count ............................................................. ~ 4 s
  2026-09-03 15:51:38 /build/assets/app-DhHRnsUj.css .......................................................... ~ 4 s
  2026-09-03 15:51:41 / ....................................................................................... ~ 2 s
  2026-09-03 15:51:38 /manifest.json .......................................................................... ~ 6 s
  2026-09-03 15:51:44 /client ............................................................................ ~ 501.91ms
  2026-09-03 15:51:46 /.well-known/appspecific/com.chrome.devtools.json ....................................... ~ 2 s
  2026-09-03 15:51:48 /build/assets/app-DhHRnsUj.css ....................................................... ~ 0.28ms
  2026-09-03 15:51:48 /build/assets/app-BlOeppPe.js ........................................................ ~ 6.86ms
  2026-09-03 15:51:48 /manifest.json ...................................................................... ~ 10.19ms
  2026-09-03 15:51:48 /manifest.json ....................................................................... ~ 0.29ms
  2026-09-03 15:51:49 /favicon.png ......................................................................... ~ 4.96ms
  2026-09-03 15:51:49 /icon-144.png ....................................................................... ~ 14.66ms
  2026-09-03 15:52:04 /notifications/unread-count ............................................................. ~ 6 s
  2026-09-03 15:52:20 /notifications/unread-count ............................................................. ~ 8 s
  2026-09-03 15:52:34 /notifications/unread-count ............................................................. ~ 4 s
  2026-09-03 15:52:49 /notifications/unread-count ............................................................. ~ 3 s
  2026-09-03 15:53:05 /notifications/unread-count ............................................................. ~ 3 s
  2026-09-03 15:53:19 /notifications/unread-count ............................................................. ~ 2 s
  2026-09-03 15:53:34 /notifications/unread-count ............................................................. ~ 4 s
  2026-09-03 15:53:48 / ....................................................................................... ~ 9 s
  2026-09-03 15:53:57 /notifications/unread-count ............................................................. ~ 2 s
  2026-09-03 15:54:01 /client ................................................................................. ~ 2 s
  2026-09-03 15:54:04 /notifications/unread-count ............................................................. ~ 3 s
  2026-09-03 15:54:07 /.well-known/appspecific/com.chrome.devtools.json ....................................... ~ 3 s
  2026-09-03 15:54:07 /build/assets/app-DhHRnsUj.css .......................................................... ~ 3 s
  2026-09-03 15:54:07 /build/assets/app-BlOeppPe.js ........................................................... ~ 3 s
  2026-09-03 15:54:07 /manifest.json .......................................................................... ~ 3 s
  2026-09-03 15:54:11 /icon-144.png ........................................................................ ~ 3.36ms
  2026-09-03 15:54:24 /notifications/unread-count ............................................................ ~ 10 s
  2026-09-03 15:54:39 /notifications/unread-count ............................................................. ~ 9 s
  2026-09-03 15:54:49 /client/intervention/nouvelle ........................................................... ~ 5 s
  2026-09-03 15:54:54 /notifications/unread-count ............................................................. ~ 2 s
  2026-09-03 15:54:58 /build/assets/app-DhHRnsUj.css ....................................................... ~ 0.33ms
  2026-09-03 15:54:58 /build/assets/app-BlOeppPe.js ........................................................ ~ 1.80ms
  2026-09-03 15:54:58 /manifest.json ....................................................................... ~ 3.66ms
  2026-09-03 15:54:59 /.well-known/appspecific/com.chrome.devtools.json ....................................... ~ 6 s
  2026-09-03 15:55:05 /icon-144.png ........................................................................ ~ 0.74ms
  2026-09-03 15:55:05 /favicon.png ......................................................................... ~ 7.00ms
  2026-09-03 15:55:07 /client/professionnels-disponibles ...................................................... ~ 6 s
  2026-09-03 15:55:15 /notifications/unread-count ............................................................. ~ 3 s
  2026-09-03 15:55:30 /notifications/unread-count ............................................................. ~ 3 s
  2026-09-03 15:55:44 /notifications/unread-count ............................................................. ~ 9 s
  2026-09-03 15:56:02 /notifications/unread-count ............................................................. ~ 7 s
  2026-09-03 15:57:45 /notifications/unread-count ............................................................. ~ 9 s
  2026-09-03 15:57:55 /notifications/unread-count ............................................................. ~ 2 s
  2026-09-03 15:58:07 /notifications/unread-count ............................................................. ~ 3 s
  2026-09-03 15:58:14 /notifications/unread-count ............................................................. ~ 5 s
  2026-09-03 15:58:29 /notifications/unread-count ............................................................. ~ 3 s
  2026-09-03 16:00:02 /notifications/unread-count ............................................................ ~ 25 s
  2026-09-03 16:00:29 /notifications/unread-count ............................................................. ~ 7 s
  2026-09-03 16:00:29 /notifications/unread-count ............................................................. ~ 9 s
  2026-09-03 16:00:36 /client/intervention/nouvelle ........................................................... ~ 4 s
  2026-09-03 16:00:39 /notifications/unread-count ............................................................. ~ 3 s
  2026-09-03 16:00:44 /build/assets/app-DhHRnsUj.css ..................................................... ~ 504.05ms
  2026-09-03 16:00:44 /build/assets/app-BlOeppPe.js ...................................................... ~ 519.17ms
  2026-09-03 16:00:44 /manifest.json ..................................................................... ~ 523.92ms
  2026-09-03 16:00:45 /.well-known/appspecific/com.chrome.devtools.json ....................................... ~ 5 s
  2026-09-03 16:00:50 /icon-144.png ........................................................................ ~ 0.41ms
  2026-09-03 16:00:50 /favicon.png ........................................................................ ~ 14.54ms
  2026-09-03 16:00:50 /client/professionnels-disponibles ...................................................... ~ 6 s
  2026-09-03 16:01:00 /notifications/unread-count ............................................................. ~ 1 s
  2026-09-03 16:01:15 /notifications/unread-count ............................................................. ~ 6 s
  2026-09-03 16:01:32 /notifications/unread-count ............................................................. ~ 5 s
  2026-09-03 16:01:45 /notifications/unread-count ............................................................. ~ 5 s
  2026-09-03 16:02:01 /notifications/unread-count ............................................................. ~ 3 s
  2026-09-03 16:02:15 /notifications/unread-count ............................................................. ~ 4 s
  2026-09-03 16:02:30 /notifications/unread-count ............................................................. ~ 7 s
  2026-09-03 16:02:53 /notifications/unread-count ............................................................ ~ 15 s
  2026-09-03 16:03:09 /notifications/unread-count ............................................................. ~ 3 s
  2026-09-03 16:03:17 /notifications/unread-count ............................................................. ~ 3 s
  2026-09-03 16:03:34 /notifications/unread-count ............................................................. ~ 3 s
  2026-09-03 16:03:50 /notifications/unread-count ............................................................. ~ 5 s
  2026-09-03 16:04:09 /notifications/unread-count ............................................................. ~ 5 s
  2026-09-03 16:05:08 /notifications/unread-count ............................................................. ~ 5 s
  2026-09-03 16:06:10 /notifications/unread-count ............................................................. ~ 5 s
  2026-09-03 16:06:28 /notifications/unread-count ............................................................. ~ 6 s
  2026-09-03 16:06:35 /notifications/unread-count ............................................................. ~ 1 s
  2026-09-03 16:06:38 /client/professionnels-disponibles ...................................................... ~ 2 s
  2026-09-03 16:06:45 /notifications/unread-count ............................................................. ~ 2 s
  2026-09-03 16:07:00 /notifications/unread-count ............................................................. ~ 3 s
  2026-09-03 16:07:15 /notifications/unread-count ............................................................ ~ 13 s
  2026-09-03 16:07:27 /client/professionnels-disponibles ...................................................... ~ 3 s
  2026-09-03 16:07:32 /notifications/unread-count ............................................................. ~ 2 s
  2026-09-03 16:07:45 /notifications/unread-count ............................................................. ~ 3 s
  2026-09-03 16:08:04 /notifications/unread-count ............................................................. ~ 5 s
  2026-09-03 16:08:39 /notifications/unread-count ............................................................. ~ 8 s
  2026-09-03 16:09:41 /notifications/unread-count ............................................................. ~ 9 s
  2026-09-03 16:09:49 /client/intervention/nouvelle ........................................................... ~ 3 s
  2026-09-03 16:09:49 /notifications/unread-count ............................................................. ~ 6 s
  2026-09-03 16:09:59 /livewire-3d30c09b/livewire.js .......................................................... ~ 5 s
  2026-09-03 16:10:05 /.well-known/appspecific/com.chrome.devtools.json ....................................... ~ 4 s
  2026-09-03 16:09:59 /build/assets/app-DhHRnsUj.css ......................................................... ~ 10 s
  2026-09-03 16:09:59 /build/assets/app-BlOeppPe.js .......................................................... ~ 10 s
  2026-09-03 16:10:00 /manifest.json ......................................................................... ~ 10 s
  2026-09-03 16:10:14 /icon-144.png ...................................................................... ~ 561.30ms
  2026-09-03 16:10:14 /favicon.png ....................................................................... ~ 599.33ms
  2026-09-03 16:10:16 /client/professionnels-disponibles ...................................................... ~ 6 s
  2026-09-03 16:10:22 /notifications/unread-count ............................................................. ~ 2 s
  2026-09-03 16:10:38 /notifications/unread-count ............................................................. ~ 5 s
  2026-09-03 16:10:54 /notifications/unread-count ............................................................. ~ 3 s
  2026-09-03 16:11:09 /notifications/unread-count ............................................................. ~ 5 s
  2026-09-03 16:12:59 /notifications/unread-count ............................................................. ~ 2 s
  2026-09-03 16:13:06 /notifications/unread-count ........................................................ ~ 515.73ms
  2026-09-03 16:14:09 /notifications/unread-count ............................................................. ~ 1 s
  2026-09-03 16:14:21 /notifications/unread-count ............................................................. ~ 1 s
  2026-09-03 16:14:36 /notifications/unread-count ............................................................. ~ 1 s
  2026-09-03 16:14:51 /notifications/unread-count ............................................................. ~ 1 s
  2026-09-03 16:15:06 /notifications/unread-count ............................................................. ~ 1 s
  2026-09-03 16:15:21 /notifications/unread-count ........................................................ ~ 541.18ms
  2026-09-03 16:15:37 /notifications/unread-count ........................................................ ~ 508.64ms
  2026-09-03 16:16:08 /notifications/unread-count ........................................................ ~ 532.18ms
  2026-09-03 16:17:09 /notifications/unread-count ........................................................ ~ 523.64ms
  2026-09-03 16:18:08 /notifications/unread-count ........................................................ ~ 524.44ms
  2026-09-03 16:19:08 /notifications/unread-count ........................................................ ~ 516.21ms
  2026-09-03 16:20:09 /notifications/unread-count ............................................................. ~ 1 s
  2026-09-03 16:21:08 /notifications/unread-count ........................................................ ~ 528.92ms
  2026-09-03 16:22:08 /notifications/unread-count ........................................................ ~ 502.94ms
  2026-09-03 16:22:28 /notifications/unread-count ........................................................ ~ 515.87ms
  2026-09-03 16:22:36 /notifications/unread-count ............................................................. ~ 1 s
  2026-09-03 16:22:41 /client ................................................................................. ~ 1 s
  2026-09-03 16:22:42 /build/assets/app-DhHRnsUj.css ....................................................... ~ 5.13ms
  2026-09-03 16:22:42 /build/assets/app-BlOeppPe.js ....................................................... ~ 22.20ms
  2026-09-03 16:22:43 /manifest.json ....................................................................... ~ 0.44ms
  2026-09-03 16:22:43 /.well-known/appspecific/com.chrome.devtools.json ....................................... ~ 1 s
  2026-09-03 16:22:44 /icon-144.png ........................................................................ ~ 1.34ms
  2026-09-03 16:22:52 / ....................................................................................... ~ 1 s
  2026-09-03 16:22:54 /client ................................................................................. ~ 1 s
  2026-09-03 16:22:55 /build/assets/app-DhHRnsUj.css ....................................................... ~ 1.73ms
  2026-09-03 16:22:55 /.well-known/appspecific/com.chrome.devtools.json ....................................... ~ 1 s
  2026-09-03 16:22:55 /build/assets/app-BlOeppPe.js ........................................................... ~ 1 s
  2026-09-03 16:22:56 /manifest.json ...................................................................... ~ 11.44ms
  2026-09-03 16:22:56 /icon-144.png ...................................................................... ~ 533.85ms
  2026-09-03 16:23:10 /notifications/unread-count ............................................................. ~ 1 s
  2026-09-03 16:23:25 /notifications/unread-count ............................................................. ~ 1 s
  2026-09-03 16:23:40 /notifications/unread-count ........................................................ ~ 530.97ms
  2026-09-03 16:23:55 /notifications/unread-count ........................................................ ~ 531.90ms
  2026-09-03 16:24:10 /notifications/unread-count ........................................................ ~ 541.85ms
  2026-09-03 16:24:25 /notifications/unread-count ............................................................. ~ 1 s
  2026-09-03 16:25:08 /notifications/unread-count ............................................................. ~ 1 s
  2026-09-03 16:26:08 /notifications/unread-count ........................................................ ~ 533.90ms
  2026-09-03 16:27:08 /notifications/unread-count ........................................................ ~ 546.74ms
  2026-09-03 16:27:43 /notifications/unread-count ............................................................. ~ 1 s
  2026-09-03 16:27:45 /client ................................................................................. ~ 1 s
  2026-09-03 16:27:46 /build/assets/app-DhHRnsUj.css ....................................................... ~ 0.35ms
  2026-09-03 16:27:46 /build/assets/app-BlOeppPe.js ........................................................ ~ 0.39ms
  2026-09-03 16:27:46 /.well-known/appspecific/com.chrome.devtools.json ....................................... ~ 1 s
  2026-09-03 16:27:46 /manifest.json .......................................................................... ~ 1 s
  2026-09-03 16:27:47 /favicon.png ......................................................................... ~ 9.10ms
  2026-09-03 16:27:47 /icon-144.png ........................................................................ ~ 0.87ms
  2026-09-03 16:27:52 /client/intervention/nouvelle ........................................................... ~ 1 s
  2026-09-03 16:27:53 /build/assets/app-DhHRnsUj.css ....................................................... ~ 2.05ms
  2026-09-03 16:27:53 /build/assets/app-BlOeppPe.js ........................................................ ~ 0.42ms
  2026-09-03 16:27:53 /.well-known/appspecific/com.chrome.devtools.json ....................................... ~ 1 s
  2026-09-03 16:27:55 /client/professionnels-disponibles ................................................. ~ 509.50ms
  2026-09-03 16:27:55 /manifest.json ..................................................................... ~ 516.40ms
  2026-09-03 16:27:55 /icon-144.png ........................................................................ ~ 0.65ms
  2026-09-03 16:27:56 /client/intervention/nouvelle ........................................................... ~ 1 s
  2026-09-03 16:27:57 /livewire-3d30c09b/livewire.js .......................................................... ~ 1 s
  2026-09-03 16:27:58 /.well-known/appspecific/com.chrome.devtools.json ....................................... ~ 1 s
  2026-09-03 16:27:57 /build/assets/app-DhHRnsUj.css .......................................................... ~ 2 s
  2026-09-03 16:27:57 /build/assets/app-BlOeppPe.js ........................................................... ~ 2 s
  2026-09-03 16:27:57 /manifest.json .......................................................................... ~ 2 s
  2026-09-03 16:28:00 /favicon.png ......................................................................... ~ 0.52ms
  2026-09-03 16:28:00 /icon-144.png ........................................................................ ~ 4.81ms
  2026-09-03 16:28:00 /client/professionnels-disponibles ................................................. ~ 512.10ms
  2026-09-03 16:28:14 /notifications/unread-count ............................................................. ~ 1 s
  2026-09-03 16:28:29 /notifications/unread-count ........................................................ ~ 502.52ms
  2026-09-03 16:28:44 /notifications/unread-count ............................................................. ~ 1 s
  2026-09-03 16:28:59 /notifications/unread-count ............................................................. ~ 1 s
  2026-09-03 16:29:14 /notifications/unread-count ........................................................ ~ 536.42ms
  2026-09-03 16:29:29 /notifications/unread-count ........................................................ ~ 534.00ms
  2026-09-03 16:29:42 /client/intervention/nouvelle ........................................................... ~ 1 s
  2026-09-03 16:29:43 /build/assets/app-CbJobcEP.css ..................................................... ~ 509.81ms
  2026-09-03 16:29:43 /.well-known/appspecific/com.chrome.devtools.json .................................. ~ 517.49ms
  2026-09-03 16:29:43 /build/assets/app-BlOeppPe.js ...................................................... ~ 519.51ms
  2026-09-03 16:29:43 /manifest.json ..................................................................... ~ 525.61ms
  2026-09-03 16:29:44 /favicon.png ......................................................................... ~ 0.45ms
  2026-09-03 16:29:44 /icon-144.png ........................................................................ ~ 1.94ms
  2026-09-03 16:29:48 /client/professionnels-disponibles ...................................................... ~ 1 s
  2026-09-03 16:29:50 /client/intervention/nouvelle ........................................................... ~ 1 s
  2026-09-03 16:29:51 /livewire-3d30c09b/livewire.js ..................................................... ~ 536.20ms
  2026-09-03 16:29:51 /build/assets/app-CbJobcEP.css ..................................................... ~ 541.53ms
  2026-09-03 16:29:52 /.well-known/appspecific/com.chrome.devtools.json ....................................... ~ 1 s
  2026-09-03 16:29:51 /build/assets/app-BlOeppPe.js ........................................................... ~ 1 s
  2026-09-03 16:29:52 /manifest.json .......................................................................... ~ 1 s
  2026-09-03 16:29:53 /client/professionnels-disponibles ...................................................... ~ 1 s
  2026-09-03 16:29:53 /favicon.png ............................................................................ ~ 1 s
  2026-09-03 16:29:54 /icon-144.png ........................................................................ ~ 5.62ms
  2026-09-03 16:30:07 /notifications/unread-count ........................................................ ~ 545.57ms
  2026-09-03 16:30:23 /notifications/unread-count ............................................................. ~ 1 s
  2026-09-03 16:30:37 /notifications/unread-count ........................................................ ~ 534.59ms
  2026-09-03 16:30:44 /login ............................................................................. ~ 516.55ms
  2026-09-03 16:30:44 /build/assets/app-CbJobcEP.css ....................................................... ~ 0.40ms
  2026-09-03 16:30:44 /build/assets/app-BlOeppPe.js ........................................................ ~ 1.83ms
  2026-09-03 16:30:45 /build/assets/app-CbJobcEP.css ....................................................... ~ 0.19ms
  2026-09-03 16:30:52 /notifications/unread-count ........................................................ ~ 501.63ms
  2026-09-03 16:30:54 /login ............................................................................. ~ 505.45ms
  2026-09-03 16:30:54 /build/assets/app-CbJobcEP.css ....................................................... ~ 1.27ms
  2026-09-03 16:30:54 /build/assets/app-BlOeppPe.js ....................................................... ~ 20.11ms
  2026-09-03 16:31:07 /notifications/unread-count ........................................................ ~ 555.28ms
  2026-09-03 16:31:22 /notifications/unread-count ............................................................. ~ 1 s
  2026-09-03 16:32:08 /notifications/unread-count ............................................................. ~ 1 s
  2026-09-03 16:33:08 /notifications/unread-count ........................................................ ~ 557.46ms
  2026-09-03 16:34:08 /notifications/unread-count ............................................................. ~ 1 s
  2026-09-03 16:35:08 /notifications/unread-count ............................................................. ~ 1 s
  2026-09-03 16:36:09 /notifications/unread-count ........................................................ ~ 517.68ms
  2026-09-03 16:37:08 /notifications/unread-count ............................................................. ~ 1 s
  2026-09-03 16:37:53 /notifications/unread-count ............................................................. ~ 1 s
  2026-09-03 16:37:56 /client/intervention/nouvelle ........................................................... ~ 1 s
  2026-09-03 16:37:57 /build/assets/app-CbJobcEP.css ....................................................... ~ 0.50ms
  2026-09-03 16:37:57 /build/assets/app-BlOeppPe.js ........................................................ ~ 4.93ms
  2026-09-03 16:37:57 /.well-known/appspecific/com.chrome.devtools.json ....................................... ~ 1 s
  2026-09-03 16:37:58 /manifest.json ....................................................................... ~ 0.94ms
  2026-09-03 16:37:58 /favicon.png ......................................................................... ~ 6.19ms
  2026-09-03 16:37:58 /icon-144.png ........................................................................ ~ 0.69ms
  2026-09-03 16:38:01 /client/professionnels-disponibles ...................................................... ~ 1 s
  2026-09-03 16:38:02 / ....................................................................................... ~ 1 s
  2026-09-03 16:38:03 /client ................................................................................. ~ 1 s
  2026-09-03 16:38:05 /build/assets/app-CbJobcEP.css ....................................................... ~ 0.61ms
  2026-09-03 16:38:05 /build/assets/app-BlOeppPe.js ........................................................ ~ 6.22ms
  2026-09-03 16:38:05 /.well-known/appspecific/com.chrome.devtools.json ....................................... ~ 1 s
  2026-09-03 16:38:06 /manifest.json ....................................................................... ~ 1.21ms
  2026-09-03 16:38:06 /icon-144.png ........................................................................ ~ 0.89ms
  2026-09-03 16:38:20 /notifications/unread-count ............................................................. ~ 1 s
  2026-09-03 16:38:35 /notifications/unread-count ............................................................. ~ 1 s
  2026-09-03 16:38:50 /notifications/unread-count ........................................................ ~ 525.15ms
  2026-09-03 16:39:00 /login .................................................................................. ~ 1 s
  2026-09-03 16:39:01 /build/assets/app-CbJobcEP.css ....................................................... ~ 0.97ms
  2026-09-03 16:39:01 /build/assets/app-BlOeppPe.js ........................................................ ~ 5.21ms
  2026-09-03 16:39:05 /notifications/unread-count ............................................................. ~ 1 s
  2026-09-03 16:39:20 /notifications/unread-count ........................................................ ~ 551.38ms
  2026-09-03 16:39:35 /notifications/unread-count ........................................................ ~ 538.10ms
  2026-09-03 16:40:09 /notifications/unread-count ............................................................. ~ 1 s
  2026-09-03 16:41:08 /notifications/unread-count ........................................................ ~ 503.98ms
  2026-09-03 16:42:08 /notifications/unread-count ............................................................. ~ 1 s
  2026-09-03 16:42:34 /login .................................................................................. ~ 1 s
  2026-09-03 16:42:35 /build/assets/app-CbJobcEP.css ....................................................... ~ 0.73ms
  2026-09-03 16:42:35 /build/assets/app-BlOeppPe.js ....................................................... ~ 15.24ms
  2026-09-03 16:42:45 /notifications/unread-count ............................................................. ~ 1 s
  2026-09-03 16:42:50 /notifications/unread-count ............................................................. ~ 1 s
  2026-09-03 16:42:59 /logout ................................................................................. ~ 1 s
  2026-09-03 16:43:00 / ....................................................................................... ~ 1 s
  2026-09-03 16:43:02 /login .................................................................................. ~ 1 s
  2026-09-03 16:43:03 /build/assets/app-CbJobcEP.css ....................................................... ~ 0.27ms
  2026-09-03 16:43:03 /build/assets/app-BlOeppPe.js ........................................................ ~ 6.64ms
  2026-09-03 16:43:03 /.well-known/appspecific/com.chrome.devtools.json .................................. ~ 510.23ms
  2026-09-03 16:43:03 /favicon.svg ......................................................................... ~ 0.49ms
  2026-09-03 16:45:16 /login .................................................................................. ~ 2 s
  2026-09-03 16:45:18 /build/assets/app-BlOeppPe.js ........................................................ ~ 0.39ms
  2026-09-03 16:45:18 /build/assets/app-CbJobcEP.css ....................................................... ~ 2.88ms
  2026-09-03 16:45:19 /favicon.svg ......................................................................... ~ 0.56ms
  2026-09-03 16:45:27 /login .................................................................................. ~ 2 s
  2026-09-03 16:45:29 /client ................................................................................ ~ 12 s
  2026-09-03 16:45:41 /build/assets/app-CbJobcEP.css ....................................................... ~ 2.18ms
  2026-09-03 16:45:41 /build/assets/app-BlOeppPe.js ........................................................ ~ 0.37ms
  2026-09-03 16:45:41 /manifest.json ....................................................................... ~ 6.18ms
  2026-09-03 16:45:42 /icon-144.png ........................................................................ ~ 0.56ms
  2026-09-03 16:45:45 /notifications .......................................................................... ~ 1 s
  2026-09-03 16:45:47 /build/assets/app-CbJobcEP.css ....................................................... ~ 0.77ms
  2026-09-03 16:45:47 /build/assets/app-BlOeppPe.js ........................................................ ~ 6.90ms
  2026-09-03 16:45:47 /manifest.json ...................................................................... ~ 14.70ms
  2026-09-03 16:45:47 /icon-144.png ........................................................................ ~ 0.97ms
  2026-09-03 16:45:52 /logout ............................................................................ ~ 503.72ms
  2026-09-03 16:45:53 / ....................................................................................... ~ 1 s
  2026-09-03 16:45:54 /login ............................................................................. ~ 509.28ms
  2026-09-03 16:45:54 /build/assets/app-CbJobcEP.css ....................................................... ~ 0.32ms
  2026-09-03 16:45:54 /build/assets/app-BlOeppPe.js ........................................................ ~ 2.08ms
  2026-09-03 16:46:00 /login .................................................................................. ~ 1 s
  2026-09-03 16:46:02 /admin .................................................................................. ~ 2 s
  2026-09-03 16:46:05 /build/assets/app-CbJobcEP.css ....................................................... ~ 0.53ms
  2026-09-03 16:46:05 /build/assets/app-BlOeppPe.js ........................................................ ~ 4.85ms
  2026-09-03 16:46:05 /manifest.json ....................................................................... ~ 8.83ms
  2026-09-03 16:46:05 /icon-144.png ........................................................................ ~ 0.72ms
  2026-09-03 16:46:21 /notifications/unread-count ............................................................. ~ 1 s
  2026-09-03 16:46:35 /notifications/unread-count ........................................................ ~ 511.06ms
  2026-09-03 16:46:50 /notifications/unread-count ............................................................. ~ 1 s
  2026-09-03 16:47:06 /notifications/unread-count ........................................................ ~ 516.03ms
  2026-09-03 16:47:20 /notifications/unread-count ............................................................. ~ 1 s
  2026-09-03 16:47:33 /admin/carte ............................................................................ ~ 1 s
  2026-09-03 16:47:34 /build/assets/app-CbJobcEP.css ....................................................... ~ 3.35ms
  2026-09-03 16:47:34 /build/assets/app-BlOeppPe.js ....................................................... ~ 11.25ms
  2026-09-03 16:47:34 /manifest.json ...................................................................... ~ 26.60ms
  2026-09-03 16:47:35 /icon-144.png ....................................................................... ~ 36.23ms
  2026-09-03 16:47:49 /notifications/unread-count ............................................................. ~ 1 s
  2026-09-03 16:48:04 /notifications/unread-count ............................................................. ~ 1 s
  2026-09-03 16:48:19 /notifications/unread-count ........................................................ ~ 514.66ms
  2026-09-03 16:48:34 /notifications/unread-count ............................................................. ~ 1 s
  2026-09-03 16:48:49 /notifications/unread-count ........................................................ ~ 551.86ms
  2026-09-03 16:49:04 /notifications/unread-count ............................................................. ~ 1 s
  2026-09-03 16:49:59 /notifications/unread-count ........................................................ ~ 583.60ms
  2026-09-03 16:50:04 /notifications/unread-count ............................................................. ~ 1 s
  2026-09-03 16:50:19 /notifications/unread-count ........................................................ ~ 516.13ms
  2026-09-03 16:50:34 /notifications/unread-count ........................................................ ~ 518.95ms
  2026-09-03 16:50:50 /notifications/unread-count ............................................................. ~ 1 s
  2026-09-03 16:51:04 /notifications/unread-count ........................................................ ~ 530.99ms
  2026-09-03 16:51:19 /notifications/unread-count ........................................................ ~ 512.45ms
  2026-09-03 16:51:24 /logout ................................................................................. ~ 1 s
  2026-09-03 16:51:24 / ....................................................................................... ~ 1 s
  2026-09-03 16:51:26 /login ............................................................................. ~ 543.84ms
  2026-09-03 16:51:27 /build/assets/app-CbJobcEP.css ....................................................... ~ 0.75ms
  2026-09-03 16:51:27 /build/assets/app-BlOeppPe.js ........................................................ ~ 0.44ms
  2026-09-03 16:51:34 /login .................................................................................. ~ 2 s
  2026-09-03 16:51:37 /client ................................................................................. ~ 2 s
  2026-09-03 16:51:39 /build/assets/app-CbJobcEP.css ....................................................... ~ 1.68ms
  2026-09-03 16:51:39 /build/assets/app-BlOeppPe.js ....................................................... ~ 17.69ms
  2026-09-03 16:51:39 /manifest.json ...................................................................... ~ 34.48ms
  2026-09-03 16:51:39 /icon-144.png ........................................................................ ~ 1.24ms
  2026-09-03 16:51:43 /client/intervention/nouvelle ........................................................... ~ 4 s
  2026-09-03 16:51:47 /build/assets/app-CbJobcEP.css ....................................................... ~ 0.40ms
  2026-09-03 16:51:47 /build/assets/app-BlOeppPe.js ........................................................ ~ 9.93ms
  2026-09-03 16:51:47 /manifest.json ....................................................................... ~ 3.88ms
  2026-09-03 16:51:48 /icon-144.png ........................................................................ ~ 0.44ms
  2026-09-03 16:51:52 /client/professionnels-disponibles ...................................................... ~ 1 s
  2026-09-03 16:52:02 /notifications/unread-count ............................................................. ~ 1 s
  2026-09-03 16:52:17 /notifications/unread-count ........................................................ ~ 515.48ms
  2026-09-03 16:52:32 /notifications/unread-count ........................................................ ~ 508.53ms
  2026-09-03 16:52:39 /client/intervention/nouvelle ...................................................... ~ 534.10ms
  2026-09-03 16:52:39 /build/assets/app-CbJobcEP.css ....................................................... ~ 5.06ms
  2026-09-03 16:52:39 /build/assets/app-BlOeppPe.js ....................................................... ~ 42.25ms
  2026-09-03 16:52:39 /manifest.json ...................................................................... ~ 53.83ms
  2026-09-03 16:52:40 /favicon.png ......................................................................... ~ 0.59ms
  2026-09-03 16:52:40 /icon-144.png ........................................................................ ~ 0.62ms
  2026-09-03 16:52:40 /client/professionnels-disponibles ...................................................... ~ 1 s
  2026-09-03 16:52:54 /notifications/unread-count ........................................................ ~ 533.23ms
  2026-09-03 16:53:09 /notifications/unread-count ............................................................. ~ 1 s
  2026-09-03 16:53:24 /notifications/unread-count ............................................................. ~ 1 s
  2026-09-03 16:53:39 /notifications/unread-count ............................................................. ~ 1 s
  2026-09-03 16:53:52 /client/professionnels-disponibles ...................................................... ~ 1 s
  2026-09-03 16:53:53 /client/intervention .................................................................... ~ 2 s
  2026-09-03 16:53:55 /notifications/unread-count ........................................................ ~ 503.69ms
  2026-09-03 16:53:55 /client/intervention/21 ................................................................. ~ 4 s
  2026-09-03 16:54:00 /build/assets/app-CbJobcEP.css ....................................................... ~ 0.61ms
  2026-09-03 16:54:00 /build/assets/app-BlOeppPe.js ........................................................ ~ 8.03ms
  2026-09-03 16:54:00 /manifest.json ...................................................................... ~ 19.31ms
  2026-09-03 16:54:00 /icon-144.png ....................................................................... ~ 25.65ms
  2026-09-03 16:54:15 /notifications/unread-count ........................................................ ~ 539.31ms
  2026-09-03 16:54:30 /notifications/unread-count ........................................................ ~ 539.51ms
  2026-09-03 16:54:46 /notifications/unread-count ........................................................ ~ 505.29ms
  2026-09-03 16:55:00 /notifications/unread-count ........................................................ ~ 525.54ms
  2026-09-03 16:55:16 /notifications/unread-count ........................................................ ~ 543.56ms
  2026-09-03 16:55:30 /notifications/unread-count ........................................................ ~ 548.40ms
  2026-09-03 16:56:09 /notifications/unread-count ............................................................. ~ 1 s
  2026-09-03 16:56:15 /notifications/unread-count ........................................................ ~ 560.07ms

   INFO  Environment modified. Restarting server...  

  2026-09-03 16:56:30 /notifications/unread-count ............................................................. ~ 3 s

   INFO  Server running on [http://127.0.0.1:8000].  

  Press Ctrl+C to stop the server


   INFO  Environment modified. Restarting server...  

   INFO  Server running on [http://127.0.0.1:8000].  

  Press Ctrl+C to stop the server

  2026-09-03 16:56:45 /notifications/unread-count ............................................................. ~ 2 s
  2026-09-03 16:57:00 /notifications/unread-count ............................................................. ~ 1 s
  2026-09-03 16:57:16 /notifications/unread-count ............................................................. ~ 1 s
  2026-09-03 16:57:30 /notifications/unread-count ............................................................. ~ 1 s
  2026-09-03 16:57:45 /logout ................................................................................. ~ 1 s
  2026-09-03 16:57:46 /notifications/unread-count ............................................................. ~ 1 s
  2026-09-03 16:57:46 / ....................................................................................... ~ 2 s
  2026-09-03 16:57:48 /login .................................................................................. ~ 1 s
  2026-09-03 16:57:49 /build/assets/app-CbJobcEP.css ....................................................... ~ 0.62ms
  2026-09-03 16:57:49 /build/assets/app-BlOeppPe.js ........................................................ ~ 6.62ms
  2026-09-03 16:58:01 /login .................................................................................. ~ 2 s
  2026-09-03 16:58:03 /remorqueur ............................................................................. ~ 6 s
  2026-09-03 16:58:10 /build/assets/app-CbJobcEP.css ....................................................... ~ 0.40ms
  2026-09-03 16:58:10 /build/assets/app-BlOeppPe.js ........................................................ ~ 3.41ms
  2026-09-03 16:58:10 /manifest.json ....................................................................... ~ 5.89ms
  2026-09-03 16:58:10 /icon-144.png ........................................................................ ~ 0.83ms
  2026-09-03 16:58:25 /notifications/unread-count ............................................................. ~ 1 s
  2026-09-03 16:58:33 /remorqueur/demandes .................................................................... ~ 3 s
  2026-09-03 16:58:36 /build/assets/app-CbJobcEP.css ....................................................... ~ 2.05ms
  2026-09-03 16:58:36 /build/assets/app-BlOeppPe.js ........................................................ ~ 0.72ms
  2026-09-03 16:58:36 /manifest.json ....................................................................... ~ 3.97ms
  2026-09-03 16:58:36 /icon-144.png ........................................................................ ~ 0.38ms
  2026-09-03 16:58:40 /remorqueur/interventions ............................................................... ~ 1 s
  2026-09-03 16:58:41 /build/assets/app-CbJobcEP.css ...................................................... ~ 40.38ms
  2026-09-03 16:58:41 /build/assets/app-BlOeppPe.js ....................................................... ~ 44.21ms
  2026-09-03 16:58:41 /manifest.json ...................................................................... ~ 47.54ms
  2026-09-03 16:58:42 /icon-144.png ........................................................................ ~ 0.95ms
  2026-09-03 16:58:48 /remorqueur ............................................................................. ~ 1 s
  2026-09-03 16:58:49 /build/assets/app-CbJobcEP.css ....................................................... ~ 0.81ms
  2026-09-03 16:58:49 /build/assets/app-BlOeppPe.js ....................................................... ~ 11.86ms
  2026-09-03 16:58:49 /manifest.json ...................................................................... ~ 17.76ms
  2026-09-03 16:58:49 /icon-144.png ........................................................................ ~ 0.88ms
  2026-09-03 16:59:04 /notifications/unread-count ............................................................. ~ 1 s
  2026-09-03 16:59:09 /logout ................................................................................. ~ 1 s
  2026-09-03 16:59:10 / ....................................................................................... ~ 1 s
  2026-09-03 16:59:11 /login .................................................................................. ~ 1 s
  2026-09-03 16:59:12 /build/assets/app-CbJobcEP.css ..................................................... ~ 546.18ms
  2026-09-03 16:59:12 /build/assets/app-BlOeppPe.js ...................................................... ~ 551.59ms
  2026-09-03 16:59:18 /login .................................................................................. ~ 3 s
  2026-09-03 16:59:21 /admin .................................................................................. ~ 1 s
  2026-09-03 16:59:22 /build/assets/app-CbJobcEP.css ...................................................... ~ 28.47ms
  2026-09-03 16:59:22 /build/assets/app-BlOeppPe.js ....................................................... ~ 34.22ms
  2026-09-03 16:59:22 /manifest.json ...................................................................... ~ 40.59ms
  2026-09-03 16:59:23 /icon-144.png ........................................................................ ~ 0.65ms
  2026-09-03 16:59:37 /admin/interventions .................................................................... ~ 3 s
  2026-09-03 16:59:40 /notifications/unread-count ............................................................. ~ 1 s
  2026-09-03 16:59:41 /build/assets/app-CbJobcEP.css ....................................................... ~ 0.84ms
  2026-09-03 16:59:41 /build/assets/app-BlOeppPe.js ........................................................ ~ 8.69ms
  2026-09-03 16:59:41 /manifest.json ...................................................................... ~ 14.44ms
  2026-09-03 16:59:41 /icon-144.png ........................................................................ ~ 0.67ms
  2026-09-03 16:59:47 /admin/intervention/21 .................................................................. ~ 4 s
  2026-09-03 16:59:51 /build/assets/app-CbJobcEP.css ....................................................... ~ 0.33ms
  2026-09-03 16:59:51 /build/assets/app-BlOeppPe.js ........................................................ ~ 0.57ms
  2026-09-03 16:59:51 /manifest.json ....................................................................... ~ 4.53ms
  2026-09-03 16:59:51 /icon-144.png ....................................................................... ~ 23.30ms
  2026-09-03 17:00:06 /notifications/unread-count ............................................................. ~ 1 s
  2026-09-03 17:00:21 /notifications/unread-count ............................................................. ~ 1 s
  2026-09-03 17:00:36 /notifications/unread-count ............................................................. ~ 1 s
  2026-09-03 17:00:51 /notifications/unread-count ........................................................ ~ 534.64ms
  2026-09-03 17:01:06 /notifications/unread-count ........................................................ ~ 559.74ms
  2026-09-03 17:01:21 /notifications/unread-count ........................................................ ~ 516.49ms
  2026-09-03 17:02:08 /notifications/unread-count ........................................................ ~ 516.97ms
  2026-09-03 17:03:08 /notifications/unread-count ............................................................. ~ 1 s
  2026-09-03 17:03:26 /notifications/unread-count ............................................................. ~ 1 s
  2026-09-03 17:03:28 /admin/intervention/21 .................................................................. ~ 1 s
  2026-09-03 17:03:29 /build/assets/app-CbJobcEP.css ....................................................... ~ 0.65ms
  2026-09-03 17:03:29 /manifest.json ....................................................................... ~ 2.81ms
  2026-09-03 17:03:29 /build/assets/app-BlOeppPe.js ........................................................ ~ 5.69ms
  2026-09-03 17:03:29 /icon-144.png ........................................................................ ~ 0.25ms
  2026-09-03 17:03:29 /favicon.png ........................................................................ ~ 10.25ms
  2026-09-03 17:03:33 /admin/intervention/21 .................................................................. ~ 1 s
  2026-09-03 17:03:34 /livewire-3d30c09b/livewire.js .......................................................... ~ 1 s
  2026-09-03 17:03:34 /build/assets/app-CbJobcEP.css .......................................................... ~ 1 s
  2026-09-03 17:03:34 /build/assets/app-BlOeppPe.js ........................................................... ~ 1 s
  2026-09-03 17:03:36 /manifest.json ...................................................................... ~ 18.06ms
  2026-09-03 17:03:36 /favicon.png ........................................................................ ~ 17.64ms
  2026-09-03 17:03:36 /icon-144.png ....................................................................... ~ 24.38ms
  2026-09-03 17:03:42 /logout ................................................................................. ~ 1 s
  2026-09-03 17:03:44 / ....................................................................................... ~ 1 s
  2026-09-03 17:03:45 /login .................................................................................. ~ 1 s
  2026-09-03 17:03:47 /build/assets/app-CbJobcEP.css ....................................................... ~ 0.43ms
  2026-09-03 17:03:47 /build/assets/app-BlOeppPe.js ........................................................ ~ 4.11ms
  2026-09-03 17:03:55 /login .................................................................................. ~ 2 s
  2026-09-03 17:03:58 /remorqueur ............................................................................. ~ 1 s
  2026-09-03 17:03:59 /build/assets/app-CbJobcEP.css ....................................................... ~ 0.87ms
  2026-09-03 17:03:59 /build/assets/app-BlOeppPe.js ........................................................ ~ 3.69ms
  2026-09-03 17:03:59 /manifest.json ....................................................................... ~ 7.45ms
  2026-09-03 17:03:59 /icon-144.png ........................................................................ ~ 0.49ms
  2026-09-03 17:04:14 /notifications/unread-count ............................................................. ~ 1 s
  2026-09-03 17:04:17 /remorqueur/intervention/16 ............................................................. ~ 5 s
  2026-09-03 17:04:23 /build/assets/app-CbJobcEP.css ..................................................... ~ 585.99ms
  2026-09-03 17:04:23 /build/assets/app-BlOeppPe.js ...................................................... ~ 597.54ms
  2026-09-03 17:04:23 /manifest.json ..................................................................... ~ 602.19ms
  2026-09-03 17:04:24 /icon-144.png ........................................................................ ~ 1.08ms
  2026-09-03 17:04:38 /notifications/unread-count ............................................................. ~ 1 s
  2026-09-03 17:04:53 /notifications/unread-count ............................................................. ~ 1 s
  2026-09-03 17:05:09 /notifications/unread-count ........................................................ ~ 536.69ms
  2026-09-03 17:05:23 /notifications/unread-count ........................................................ ~ 552.80ms
  2026-09-03 17:05:38 /notifications/unread-count ........................................................ ~ 522.29ms
  2026-09-03 17:05:53 /notifications/unread-count ............................................................. ~ 1 s
  2026-09-03 17:06:08 /notifications/unread-count ............................................................. ~ 1 s
  2026-09-03 17:07:08 /notifications/unread-count ............................................................. ~ 1 s
  2026-09-03 17:08:08 /notifications/unread-count ........................................................ ~ 541.86ms
  2026-09-03 17:09:08 /notifications/unread-count ........................................................ ~ 533.68ms
  2026-09-03 17:10:08 /notifications/unread-count ........................................................ ~ 550.07ms
  2026-09-03 17:11:09 /notifications/unread-count ............................................................. ~ 1 s
  2026-09-03 17:12:08 /notifications/unread-count ............................................................. ~ 1 s
  2026-09-03 17:13:09 /notifications/unread-count ........................................................ ~ 508.26ms
  2026-09-03 17:14:08 /notifications/unread-count ........................................................ ~ 519.26ms
  2026-09-03 17:15:08 /notifications/unread-count ........................................................ ~ 538.04ms
  2026-09-03 17:16:08 /notifications/unread-count ........................................................ ~ 555.82ms
  2026-09-03 17:17:08 /notifications/unread-count ............................................................. ~ 1 s
  2026-09-03 17:18:08 /notifications/unread-count ........................................................ ~ 548.17ms
  2026-09-03 17:19:08 /notifications/unread-count ............................................................. ~ 1 s
  2026-09-03 17:20:08 /notifications/unread-count ............................................................. ~ 1 s
  2026-09-03 17:21:08 /notifications/unread-count ............................................................. ~ 1 s
  2026-09-03 17:22:08 /notifications/unread-count ............................................................. ~ 1 s
  2026-09-03 17:23:08 /notifications/unread-count ............................................................. ~ 1 s
  2026-09-03 17:24:09 /notifications/unread-count ........................................................ ~ 502.52ms
  2026-09-03 17:24:24 /notifications/unread-count ........................................................ ~ 536.08ms
  2026-09-03 17:24:26 /remorqueur/intervention/16 ........................................................ ~ 541.17ms
  2026-09-03 17:24:26 /build/assets/app-CbJobcEP.css ....................................................... ~ 0.22ms
  2026-09-03 17:24:26 /build/assets/app-BlOeppPe.js ........................................................ ~ 1.73ms
  2026-09-03 17:24:26 /manifest.json ....................................................................... ~ 0.56ms
  2026-09-03 17:24:27 /favicon.png ........................................................................ ~ 21.52ms
  2026-09-03 17:24:27 /icon-144.png ....................................................................... ~ 27.86ms
  2026-09-03 17:24:41 /notifications/unread-count ............................................................. ~ 1 s
  2026-09-03 17:24:56 /notifications/unread-count ............................................................. ~ 1 s
  2026-09-03 17:25:03 /remorqueur/intervention/16/statut ...................................................... ~ 1 s
  2026-09-03 17:25:04 /remorqueur/intervention/16 ............................................................. ~ 1 s
  2026-09-03 17:25:05 /build/assets/app-CbJobcEP.css ....................................................... ~ 0.75ms
  2026-09-03 17:25:05 /build/assets/app-BlOeppPe.js ....................................................... ~ 19.32ms
  2026-09-03 17:25:05 /manifest.json ...................................................................... ~ 26.51ms
  2026-09-03 17:25:05 /icon-144.png ........................................................................ ~ 0.79ms
  2026-09-03 17:25:11 /logout ................................................................................. ~ 1 s
  2026-09-03 17:25:12 / ....................................................................................... ~ 1 s
  2026-09-03 17:25:13 /login ............................................................................. ~ 577.26ms
  2026-09-03 17:25:14 /build/assets/app-CbJobcEP.css ...................................................... ~ 24.55ms
  2026-09-03 17:25:14 /build/assets/app-BlOeppPe.js ....................................................... ~ 28.74ms
  2026-09-03 17:25:19 /login .................................................................................. ~ 2 s
  2026-09-03 17:25:21 /client ................................................................................. ~ 1 s
  2026-09-03 17:25:22 /build/assets/app-CbJobcEP.css ....................................................... ~ 0.65ms
  2026-09-03 17:25:22 /build/assets/app-BlOeppPe.js ........................................................ ~ 5.51ms
  2026-09-03 17:25:22 /manifest.json ....................................................................... ~ 8.81ms
  2026-09-03 17:25:23 /icon-144.png ........................................................................ ~ 0.84ms
  2026-09-03 17:25:38 /notifications/unread-count ............................................................. ~ 1 s
  2026-09-03 17:25:40 /client/intervention/21 ................................................................. ~ 1 s
  2026-09-03 17:25:41 /build/assets/app-CbJobcEP.css ...................................................... ~ 10.86ms
  2026-09-03 17:25:41 /build/assets/app-BlOeppPe.js ....................................................... ~ 30.44ms
  2026-09-03 17:25:41 /manifest.json ...................................................................... ~ 33.84ms
  2026-09-03 17:25:41 /icon-144.png ........................................................................ ~ 0.66ms
  2026-09-03 17:25:56 /notifications/unread-count ............................................................. ~ 1 s
  2026-09-03 17:25:59 /client ................................................................................. ~ 1 s
  2026-09-03 17:26:00 /build/assets/app-CbJobcEP.css ....................................................... ~ 0.36ms
  2026-09-03 17:26:00 /build/assets/app-BlOeppPe.js ........................................................ ~ 2.80ms
  2026-09-03 17:26:00 /manifest.json ....................................................................... ~ 5.04ms
  2026-09-03 17:26:00 /icon-144.png ........................................................................ ~ 0.94ms
  2026-09-03 17:26:07 /client/intervention/21 ................................................................. ~ 1 s
  2026-09-03 17:26:08 /build/assets/app-CbJobcEP.css ....................................................... ~ 0.88ms
  2026-09-03 17:26:08 /build/assets/app-BlOeppPe.js ....................................................... ~ 12.30ms
  2026-09-03 17:26:08 /manifest.json ...................................................................... ~ 21.42ms
  2026-09-03 17:26:08 /icon-144.png ........................................................................ ~ 0.76ms
  2026-09-03 17:26:16 /notifications .......................................................................... ~ 1 s
  2026-09-03 17:26:17 /build/assets/app-CbJobcEP.css ....................................................... ~ 1.41ms
  2026-09-03 17:26:17 /build/assets/app-BlOeppPe.js ........................................................ ~ 8.15ms
  2026-09-03 17:26:17 /manifest.json ...................................................................... ~ 22.95ms
  2026-09-03 17:26:17 /icon-144.png ....................................................................... ~ 18.62ms
  2026-09-03 17:26:22 /notifications/30/read .................................................................. ~ 1 s
  2026-09-03 17:26:23 /notifications .......................................................................... ~ 1 s
  2026-09-03 17:26:24 /build/assets/app-CbJobcEP.css ....................................................... ~ 0.66ms
  2026-09-03 17:26:24 /build/assets/app-BlOeppPe.js ........................................................ ~ 8.87ms
  2026-09-03 17:26:24 /manifest.json ...................................................................... ~ 14.84ms
  2026-09-03 17:26:24 /icon-144.png ........................................................................ ~ 1.21ms
  2026-09-03 17:26:26 /notifications/37/read .................................................................. ~ 1 s
  2026-09-03 17:26:27 /notifications .......................................................................... ~ 1 s
  2026-09-03 17:26:28 /build/assets/app-CbJobcEP.css ....................................................... ~ 0.60ms
  2026-09-03 17:26:28 /build/assets/app-BlOeppPe.js ........................................................ ~ 7.84ms
  2026-09-03 17:26:28 /manifest.json ...................................................................... ~ 13.75ms
  2026-09-03 17:26:28 /icon-144.png ........................................................................ ~ 0.37ms
  2026-09-03 17:26:29 /client ................................................................................. ~ 1 s
  2026-09-03 17:26:30 /build/assets/app-CbJobcEP.css ....................................................... ~ 1.59ms
  2026-09-03 17:26:30 /build/assets/app-BlOeppPe.js ........................................................ ~ 7.89ms
  2026-09-03 17:26:30 /manifest.json ...................................................................... ~ 18.87ms
  2026-09-03 17:26:30 /icon-144.png ...................................................................... ~ 525.77ms
  2026-09-03 17:26:45 /notifications/unread-count ............................................................. ~ 1 s
  2026-09-03 17:27:00 /notifications/unread-count ............................................................. ~ 1 s
  2026-09-03 17:27:15 /notifications/unread-count ............................................................. ~ 1 s
  2026-09-03 17:27:30 /notifications/unread-count ............................................................. ~ 1 s
  2026-09-03 17:27:45 /notifications/unread-count ............................................................. ~ 1 s
  2026-09-03 17:28:00 /notifications/unread-count ............................................................. ~ 1 s
  2026-09-03 17:28:15 /notifications/unread-count ............................................................. ~ 1 s
  2026-09-03 17:28:19 /client/intervention/nouvelle ........................................................... ~ 1 s
  2026-09-03 17:28:20 /build/assets/app-CbJobcEP.css ....................................................... ~ 0.60ms
  2026-09-03 17:28:20 /build/assets/app-BlOeppPe.js ........................................................ ~ 4.15ms
  2026-09-03 17:28:20 /manifest.json ...................................................................... ~ 11.73ms
  2026-09-03 17:28:20 /icon-144.png ........................................................................ ~ 0.37ms
  2026-09-03 17:28:20 /client/professionnels-disponibles ...................................................... ~ 1 s
  2026-09-03 17:28:35 /notifications/unread-count ........................................................ ~ 502.61ms
  2026-09-03 17:28:50 /notifications/unread-count ............................................................. ~ 1 s
  2026-09-03 17:29:05 /notifications/unread-count ............................................................. ~ 1 s
  2026-09-03 17:29:20 /notifications/unread-count ........................................................ ~ 524.08ms
  2026-09-03 17:29:35 /notifications/unread-count ............................................................. ~ 1 s
  2026-09-03 17:29:50 /notifications/unread-count ........................................................ ~ 523.48ms
  2026-09-03 17:30:05 /notifications/unread-count ............................................................. ~ 1 s
  2026-09-03 17:30:20 /notifications/unread-count ........................................................ ~ 561.80ms
  2026-09-03 17:30:35 /notifications/unread-count ........................................................ ~ 545.00ms
  2026-09-03 17:30:50 /notifications/unread-count ............................................................. ~ 1 s
  2026-09-03 17:31:05 /notifications/unread-count ........................................................ ~ 504.29ms
  2026-09-03 17:31:16 /client/professionnels-disponibles ...................................................... ~ 1 s
  2026-09-03 17:31:20 /notifications/unread-count ............................................................. ~ 1 s
  2026-09-03 17:31:35 /notifications/unread-count ........................................................ ~ 528.68ms
  2026-09-03 17:31:50 /notifications/unread-count ........................................................ ~ 501.23ms
  2026-09-03 17:32:05 /notifications/unread-count ............................................................. ~ 1 s
  2026-09-03 17:32:17 /client/intervention/nouvelle ........................................................... ~ 1 s
  2026-09-03 17:32:18 /build/assets/app-CbJobcEP.css ....................................................... ~ 7.02ms
  2026-09-03 17:32:18 /build/assets/app-BlOeppPe.js ....................................................... ~ 19.33ms
  2026-09-03 17:32:18 /manifest.json ...................................................................... ~ 31.57ms
  2026-09-03 17:32:19 /favicon.png ........................................................................ ~ 17.03ms
  2026-09-03 17:32:19 /icon-144.png ....................................................................... ~ 21.18ms
  2026-09-03 17:32:19 /client/professionnels-disponibles ...................................................... ~ 1 s
  2026-09-03 17:32:21 /client/professionnels-disponibles ...................................................... ~ 1 s
  2026-09-03 17:32:33 /notifications/unread-count ........................................................ ~ 585.20ms
  2026-09-03 17:32:48 /notifications/unread-count ............................................................. ~ 1 s
  2026-09-03 17:33:03 /notifications/unread-count ............................................................. ~ 1 s
  2026-09-03 17:33:18 /notifications/unread-count ............................................................. ~ 1 s
  2026-09-03 17:33:28 /client/professionnels-disponibles ...................................................... ~ 1 s
  2026-09-03 17:33:33 /notifications/unread-count ............................................................. ~ 1 s
  2026-09-03 17:33:48 /notifications/unread-count ........................................................ ~ 532.25ms
  2026-09-03 17:34:03 /client/intervention .................................................................... ~ 1 s
  2026-09-03 17:34:04 /notifications/unread-count ............................................................. ~ 1 s
  2026-09-03 17:34:04 /client/intervention/22 ................................................................. ~ 2 s
  2026-09-03 17:34:06 /build/assets/app-CbJobcEP.css ....................................................... ~ 1.48ms
  2026-09-03 17:34:06 /build/assets/app-BlOeppPe.js ....................................................... ~ 13.12ms
  2026-09-03 17:34:06 /manifest.json ...................................................................... ~ 33.53ms
  2026-09-03 17:34:07 /icon-144.png ........................................................................ ~ 0.58ms
  2026-09-03 17:34:18 /logout ................................................................................. ~ 1 s
  2026-09-03 17:34:19 / ....................................................................................... ~ 1 s
  2026-09-03 17:34:20 /login .................................................................................. ~ 1 s
  2026-09-03 17:34:21 /build/assets/app-CbJobcEP.css ....................................................... ~ 0.98ms
  2026-09-03 17:34:21 /build/assets/app-BlOeppPe.js ........................................................ ~ 4.82ms
  2026-09-03 17:34:56 /login .................................................................................. ~ 2 s
  2026-09-03 17:34:59 /remorqueur ............................................................................. ~ 1 s
  2026-09-03 17:35:00 /build/assets/app-CbJobcEP.css ....................................................... ~ 0.64ms
  2026-09-03 17:35:00 /build/assets/app-BlOeppPe.js ........................................................ ~ 0.66ms
  2026-09-03 17:35:00 /manifest.json ....................................................................... ~ 4.42ms
  2026-09-03 17:35:00 /icon-144.png ........................................................................ ~ 0.65ms
  2026-09-03 17:35:15 /notifications/unread-count ............................................................. ~ 1 s
  2026-09-03 17:35:18 /remorqueur/demandes/22/accepter ........................................................ ~ 1 s
  2026-09-03 17:35:19 /remorqueur ............................................................................. ~ 1 s
  2026-09-03 17:35:20 /build/assets/app-CbJobcEP.css ....................................................... ~ 0.46ms
  2026-09-03 17:35:20 /build/assets/app-BlOeppPe.js ........................................................ ~ 2.93ms
  2026-09-03 17:35:20 /manifest.json ...................................................................... ~ 10.26ms
  2026-09-03 17:35:20 /icon-144.png ........................................................................ ~ 0.41ms
  2026-09-03 17:35:35 /notifications/unread-count ............................................................. ~ 1 s
  2026-09-03 17:35:50 /remorqueur/intervention/22 ............................................................. ~ 1 s
  2026-09-03 17:35:51 /notifications/unread-count ............................................................. ~ 1 s
  2026-09-03 17:35:52 /build/assets/app-CbJobcEP.css ....................................................... ~ 0.68ms
  2026-09-03 17:35:52 /build/assets/app-BlOeppPe.js ....................................................... ~ 12.91ms
  2026-09-03 17:35:52 /manifest.json ...................................................................... ~ 25.20ms
  2026-09-03 17:35:52 /icon-144.png ....................................................................... ~ 34.72ms
  2026-09-03 17:36:07 /notifications/unread-count ............................................................. ~ 1 s
  2026-09-03 17:36:16 /remorqueur/intervention/22/statut ...................................................... ~ 1 s
  2026-09-03 17:36:17 /remorqueur/intervention/22 ............................................................. ~ 1 s
  2026-09-03 17:36:18 /build/assets/app-CbJobcEP.css ....................................................... ~ 8.28ms
  2026-09-03 17:36:18 /build/assets/app-BlOeppPe.js ....................................................... ~ 16.54ms
  2026-09-03 17:36:18 /manifest.json ...................................................................... ~ 33.50ms
  2026-09-03 17:36:18 /icon-144.png ........................................................................ ~ 0.64ms
  2026-09-03 17:36:28 /logout ................................................................................. ~ 1 s
  2026-09-03 17:36:29 / ....................................................................................... ~ 1 s
  2026-09-03 17:36:30 /login ............................................................................. ~ 542.05ms
  2026-09-03 17:36:31 /build/assets/app-CbJobcEP.css ...................................................... ~ 18.35ms
  2026-09-03 17:36:31 /build/assets/app-BlOeppPe.js ....................................................... ~ 22.41ms
  2026-09-03 17:36:39 /login .................................................................................. ~ 2 s
  2026-09-03 17:36:41 /client ................................................................................. ~ 1 s
  2026-09-03 17:36:42 /build/assets/app-CbJobcEP.css ....................................................... ~ 1.53ms
  2026-09-03 17:36:42 /build/assets/app-BlOeppPe.js ....................................................... ~ 21.53ms
  2026-09-03 17:36:42 /manifest.json ...................................................................... ~ 39.87ms
  2026-09-03 17:36:42 /icon-144.png ........................................................................ ~ 5.69ms
  2026-09-03 17:36:49 /client/intervention/22 ................................................................. ~ 1 s
  2026-09-03 17:36:50 /build/assets/app-CbJobcEP.css ....................................................... ~ 1.18ms
  2026-09-03 17:36:50 /build/assets/app-BlOeppPe.js ........................................................ ~ 9.97ms
  2026-09-03 17:36:50 /manifest.json ...................................................................... ~ 24.89ms
  2026-09-03 17:36:50 /icon-144.png ........................................................................ ~ 0.81ms
  2026-09-03 17:36:58 /client/intervention/22/professionnel-position ..................................... ~ 501.17ms
  2026-09-03 17:37:05 /notifications/unread-count ............................................................. ~ 1 s
  2026-09-03 17:37:06 /client/intervention/22/professionnel-position .......................................... ~ 1 s
  2026-09-03 17:37:14 /client/intervention/22/professionnel-position ..................................... ~ 549.60ms
  2026-09-03 17:40:45 /notifications/unread-count ........................................................ ~ 513.42ms
  2026-09-03 17:40:46 /client/intervention/22/professionnel-position .......................................... ~ 1 s
  2026-09-03 17:40:50 /notifications/unread-count ........................................................ ~ 520.48ms
  2026-09-03 17:40:51 /client/intervention/22/professionnel-position ..................................... ~ 541.66ms
  2026-09-03 17:40:58 /client/intervention/22/professionnel-position ..................................... ~ 507.50ms
  2026-09-03 17:41:05 /notifications/unread-count ......................................................... ~ 41.57ms
  2026-09-03 17:41:06 /client/intervention/22/professionnel-position ..................................... ~ 509.04ms
  2026-09-03 17:41:14 /client/intervention/22/professionnel-position ..................................... ~ 507.54ms
  2026-09-03 17:41:20 /notifications/unread-count ........................................................ ~ 542.18ms
  2026-09-03 17:41:22 /client/intervention/22/professionnel-position ..................................... ~ 500.85ms
  2026-09-03 17:41:30 /client/intervention/22/professionnel-position ...................................... ~ 20.73ms
  2026-09-03 17:41:35 /notifications/unread-count ........................................................ ~ 541.52ms
  2026-09-03 17:41:38 /client/intervention/22/professionnel-position ..................................... ~ 546.65ms
  2026-09-03 17:41:46 /notifications ..................................................................... ~ 554.73ms
  2026-09-03 17:41:47 /client/intervention/22/professionnel-position ..................................... ~ 525.38ms
  2026-09-03 17:41:47 /build/assets/app-CbJobcEP.css ....................................................... ~ 0.20ms
  2026-09-03 17:41:47 /build/assets/app-BlOeppPe.js ........................................................ ~ 1.71ms
  2026-09-03 17:41:47 /manifest.json ....................................................................... ~ 2.97ms
  2026-09-03 17:41:47 /icon-144.png ........................................................................ ~ 0.28ms
  2026-09-03 17:42:02 /notifications/unread-count ......................................................... ~ 37.95ms
  2026-09-03 17:42:05 /client ............................................................................ ~ 540.30ms
  2026-09-03 17:42:06 /build/assets/app-CbJobcEP.css ....................................................... ~ 0.28ms
  2026-09-03 17:42:06 /build/assets/app-BlOeppPe.js ........................................................ ~ 1.59ms
  2026-09-03 17:42:06 /manifest.json ....................................................................... ~ 3.02ms
  2026-09-03 17:42:06 /icon-144.png ........................................................................ ~ 0.46ms
  2026-09-03 17:42:15 /client/intervention/nouvelle ........................................................... ~ 1 s
  2026-09-03 17:42:16 /build/assets/app-CbJobcEP.css ....................................................... ~ 0.65ms
  2026-09-03 17:42:16 /build/assets/app-BlOeppPe.js ........................................................ ~ 4.60ms
  2026-09-03 17:42:16 /manifest.json ...................................................................... ~ 18.81ms
  2026-09-03 17:42:16 /icon-144.png ........................................................................ ~ 1.23ms
  2026-09-03 17:42:17 /client/professionnels-disponibles ...................................................... ~ 1 s
  2026-09-03 17:42:25 /client/intervention/nouvelle ........................................................... ~ 1 s
  2026-09-03 17:42:26 /build/assets/app-CbJobcEP.css ...................................................... ~ 18.38ms
  2026-09-03 17:42:26 /build/assets/app-BlOeppPe.js ....................................................... ~ 24.17ms
  2026-09-03 17:42:26 /manifest.json ...................................................................... ~ 36.49ms
  2026-09-03 17:42:26 /icon-144.png ........................................................................ ~ 0.67ms
  2026-09-03 17:42:26 /client/professionnels-disponibles ...................................................... ~ 1 s
  2026-09-03 17:42:41 /notifications/unread-count ............................................................. ~ 1 s
  2026-09-03 17:42:56 /notifications/unread-count ............................................................. ~ 1 s
  2026-09-03 17:43:11 /notifications/unread-count ............................................................. ~ 1 s
  2026-09-03 17:43:26 /notifications/unread-count ............................................................. ~ 1 s
  2026-09-03 17:43:41 /notifications/unread-count ............................................................. ~ 1 s
  2026-09-03 17:43:56 /notifications/unread-count ............................................................. ~ 1 s
  2026-09-03 17:44:12 /notifications/unread-count ............................................................. ~ 1 s
  2026-09-03 17:44:26 /notifications/unread-count ............................................................. ~ 1 s
  2026-09-03 17:44:41 /notifications/unread-count ............................................................. ~ 1 s
  2026-09-03 17:44:56 /notifications/unread-count ............................................................. ~ 1 s
  2026-09-03 17:46:08 /notifications/unread-count ............................................................. ~ 1 s
  2026-09-03 17:47:08 /notifications/unread-count ............................................................. ~ 1 s
  2026-09-03 17:48:09 /notifications/unread-count ............................................................. ~ 1 s
  2026-09-03 17:49:08 /notifications/unread-count ............................................................. ~ 1 s
  2026-09-03 17:50:08 /notifications/unread-count ........................................................ ~ 514.79ms
  2026-09-03 17:51:08 /notifications/unread-count ............................................................. ~ 1 s
  2026-09-03 17:52:08 /notifications/unread-count ............................................................. ~ 1 s
  2026-09-03 17:53:09 /notifications/unread-count ............................................................. ~ 1 s
  2026-09-03 17:54:08 /notifications/unread-count ............................................................. ~ 1 s
  2026-09-03 17:55:08 /notifications/unread-count ............................................................. ~ 1 s
  2026-09-03 17:56:08 /notifications/unread-count ............................................................. ~ 1 s
  2026-09-03 17:57:08 /notifications/unread-count ............................................................. ~ 1 s
  2026-09-03 17:58:08 /notifications/unread-count ............................................................. ~ 1 s
  2026-09-03 17:59:08 /notifications/unread-count ............................................................. ~ 1 s
  2026-09-03 18:00:08 /notifications/unread-count ............................................................. ~ 1 s
  2026-09-03 18:01:08 /notifications/unread-count ............................................................. ~ 1 s
  2026-09-03 18:02:08 /notifications/unread-count ............................................................. ~ 1 s
  2026-09-03 18:03:08 /notifications/unread-count ........................................................ ~ 507.34ms
  2026-09-03 18:04:08 /notifications/unread-count ............................................................. ~ 1 s
  2026-09-03 18:05:08 /notifications/unread-count ............................................................. ~ 1 s
  2026-09-03 18:05:18 /build/assets/app-CiPj0RVf.css .......................................................... ~ 1 s
  2026-09-03 18:05:18 /build/assets/app-BlOeppPe.js ........................................................... ~ 1 s
  2026-09-03 18:05:19 /favicon.svg ......................................................................... ~ 0.91ms
  2026-09-03 18:05:37 /client ................................................................................. ~ 1 s
  2026-09-03 18:05:38 /build/assets/app-CbJobcEP.css ....................................................... ~ 0.40ms
  2026-09-03 18:05:38 /build/assets/app-BlOeppPe.js ........................................................ ~ 4.04ms
  2026-09-03 18:05:38 /manifest.json ...................................................................... ~ 17.78ms
  2026-09-03 18:05:38 /icon-144.png ........................................................................ ~ 1.16ms
  2026-09-03 18:05:52 /client/intervention/22 ................................................................. ~ 1 s
  2026-09-03 18:05:53 /notifications/unread-count ............................................................. ~ 1 s
  2026-09-03 18:05:54 /build/assets/app-CbJobcEP.css ....................................................... ~ 2.92ms
  2026-09-03 18:05:54 /build/assets/app-BlOeppPe.js ....................................................... ~ 11.93ms
  2026-09-03 18:05:54 /manifest.json ...................................................................... ~ 40.37ms
  2026-09-03 18:05:54 /icon-144.png ........................................................................ ~ 1.30ms
  2026-09-03 18:06:02 /client/intervention/22/professionnel-position .......................................... ~ 1 s
  2026-09-03 18:06:08 /notifications/unread-count ............................................................. ~ 1 s
  2026-09-03 18:06:10 /notifications/unread-count ............................................................. ~ 1 s
  2026-09-03 18:06:11 /client/intervention/22/professionnel-position .......................................... ~ 1 s
  2026-09-03 18:06:12 /notifications/unread-count ............................................................. ~ 1 s
  2026-09-03 18:06:16 /client/professionnels-disponibles ...................................................... ~ 1 s
  2026-09-03 18:06:18 /client/intervention/22/professionnel-position .......................................... ~ 1 s
  2026-09-03 18:06:24 /notifications/unread-count ............................................................. ~ 1 s
  2026-09-03 18:06:26 /notifications/unread-count ............................................................. ~ 1 s
  2026-09-03 18:06:27 /client/intervention/22/professionnel-position .......................................... ~ 1 s
  2026-09-03 18:06:34 /client/intervention/22/professionnel-position ..................................... ~ 543.31ms
  2026-09-03 18:06:37 /notifications .......................................................................... ~ 1 s
  2026-09-03 18:06:38 /build/assets/app-CbJobcEP.css ....................................................... ~ 9.50ms
  2026-09-03 18:06:38 /build/assets/app-BlOeppPe.js ....................................................... ~ 20.61ms
  2026-09-03 18:06:38 /manifest.json ...................................................................... ~ 32.88ms
  2026-09-03 18:06:38 /icon-144.png ........................................................................ ~ 0.60ms
  2026-09-03 18:06:41 /notifications/unread-count ............................................................. ~ 1 s
  2026-09-03 18:06:48 /notifications/39/read .................................................................. ~ 1 s
  2026-09-03 18:06:49 /notifications .......................................................................... ~ 1 s
  2026-09-03 18:06:51 /build/assets/app-CbJobcEP.css ....................................................... ~ 0.78ms
  2026-09-03 18:06:51 /build/assets/app-BlOeppPe.js ........................................................ ~ 4.77ms
  2026-09-03 18:06:51 /manifest.json ...................................................................... ~ 10.45ms
  2026-09-03 18:06:51 /icon-144.png ........................................................................ ~ 0.61ms
  2026-09-03 18:06:54 /notifications/40/read .................................................................. ~ 1 s
  2026-09-03 18:06:55 /notifications .......................................................................... ~ 1 s
  2026-09-03 18:06:56 /build/assets/app-CbJobcEP.css ....................................................... ~ 0.70ms
  2026-09-03 18:06:56 /build/assets/app-BlOeppPe.js ........................................................ ~ 4.79ms
  2026-09-03 18:06:56 /manifest.json ...................................................................... ~ 11.39ms
  2026-09-03 18:06:56 /notifications/unread-count ............................................................. ~ 1 s
  2026-09-03 18:06:57 /icon-144.png ........................................................................ ~ 0.54ms
  2026-09-03 18:07:03 /client/intervention/nouvelle ........................................................... ~ 2 s
  2026-09-03 18:07:05 /build/assets/app-CbJobcEP.css ....................................................... ~ 0.51ms
  2026-09-03 18:07:05 /build/assets/app-BlOeppPe.js ........................................................ ~ 0.57ms
  2026-09-03 18:07:05 /manifest.json ....................................................................... ~ 8.79ms
  2026-09-03 18:07:05 /icon-144.png ........................................................................ ~ 0.56ms
  2026-09-03 18:07:05 /client/professionnels-disponibles ...................................................... ~ 1 s
  2026-09-03 18:07:11 /client/interventions ................................................................... ~ 1 s
  2026-09-03 18:07:12 /notifications/unread-count ............................................................. ~ 1 s
  2026-09-03 18:07:13 /build/assets/app-CbJobcEP.css ....................................................... ~ 0.84ms
  2026-09-03 18:07:13 /build/assets/app-BlOeppPe.js ........................................................ ~ 5.59ms
  2026-09-03 18:07:13 /manifest.json ...................................................................... ~ 13.23ms
  2026-09-03 18:07:13 /icon-144.png ....................................................................... ~ 24.97ms
  2026-09-03 18:07:23 /client/intervention/22 ................................................................. ~ 1 s
  2026-09-03 18:07:24 /build/assets/app-CbJobcEP.css ....................................................... ~ 0.57ms
  2026-09-03 18:07:24 /build/assets/app-BlOeppPe.js ........................................................ ~ 0.86ms
  2026-09-03 18:07:24 /manifest.json ....................................................................... ~ 3.54ms
  2026-09-03 18:07:24 /icon-144.png ........................................................................ ~ 0.40ms
  2026-09-03 18:07:26 /notifications/unread-count ............................................................. ~ 1 s
  2026-09-03 18:07:32 /client/intervention/22/professionnel-position .......................................... ~ 1 s
  2026-09-03 18:07:35 /client ................................................................................. ~ 1 s
  2026-09-03 18:07:36 /build/assets/app-CbJobcEP.css ....................................................... ~ 4.75ms
  2026-09-03 18:07:36 /build/assets/app-BlOeppPe.js ....................................................... ~ 24.35ms
  2026-09-03 18:07:36 /manifest.json ...................................................................... ~ 40.63ms
  2026-09-03 18:07:36 /icon-144.png ........................................................................ ~ 0.77ms
  2026-09-03 18:07:51 /notifications/unread-count ............................................................. ~ 1 s
  2026-09-03 18:08:06 /notifications/unread-count ............................................................. ~ 1 s
  2026-09-03 18:08:21 /notifications/unread-count ............................................................. ~ 1 s
  2026-09-03 18:08:36 /notifications/unread-count ........................................................ ~ 516.57ms
  2026-09-03 18:08:51 /notifications/unread-count ........................................................ ~ 524.72ms
  2026-09-03 18:09:06 /notifications/unread-count ............................................................. ~ 1 s
  2026-09-03 18:09:21 /notifications/unread-count ............................................................. ~ 1 s
  2026-09-03 18:09:36 /notifications/unread-count ............................................................. ~ 1 s
  2026-09-03 18:09:51 /notifications/unread-count ............................................................. ~ 1 s
  2026-09-03 18:10:08 /notifications/unread-count ........................................................ ~ 536.14ms
  2026-09-03 18:11:08 /notifications/unread-count ........................................................ ~ 524.33ms
  2026-09-03 18:11:39 /notifications/unread-count ........................................................ ~ 516.61ms
  2026-09-03 18:11:41 /client ................................................................................. ~ 3 s
  2026-09-03 18:11:44 /build/assets/app-CbJobcEP.css ....................................................... ~ 0.57ms
  2026-09-03 18:11:44 /build/assets/app-BlOeppPe.js ........................................................ ~ 3.44ms
  2026-09-03 18:11:44 /favicon.png ......................................................................... ~ 4.50ms
  2026-09-03 18:11:44 /manifest.json ....................................................................... ~ 5.66ms
  2026-09-03 18:11:44 /favicon.png ......................................................................... ~ 0.18ms
  2026-09-03 18:11:44 /icon-144.png ........................................................................ ~ 1.34ms
  2026-09-03 18:11:59 /notifications/unread-count ........................................................ ~ 510.08ms
  2026-09-03 18:12:14 /notifications/unread-count ........................................................ ~ 507.64ms
  2026-09-03 18:12:22 /client ................................................................................. ~ 3 s
  2026-09-03 18:12:25 /build/assets/app-CbJobcEP.css ....................................................... ~ 0.22ms
  2026-09-03 18:12:25 /build/assets/app-BlOeppPe.js ........................................................ ~ 1.45ms
  2026-09-03 18:12:25 /favicon.png ......................................................................... ~ 3.79ms
  2026-09-03 18:12:25 /manifest.json ....................................................................... ~ 6.31ms
  2026-09-03 18:12:25 /favicon.png ......................................................................... ~ 0.25ms
  2026-09-03 18:12:25 /icon-144.png ........................................................................ ~ 1.71ms
  2026-09-03 18:12:40 /notifications/unread-count ......................................................... ~ 19.40ms
  2026-09-03 18:12:55 /notifications/unread-count ......................................................... ~ 29.08ms
  2026-09-03 18:13:10 /notifications/unread-count ........................................................ ~ 537.42ms
  2026-09-03 18:13:25 /notifications/unread-count ........................................................ ~ 532.22ms
  2026-09-03 18:13:41 /notifications/unread-count ............................................................. ~ 1 s
  2026-09-03 18:13:49 /client ................................................................................. ~ 3 s
  2026-09-03 18:13:51 /build/assets/app-CbJobcEP.css ....................................................... ~ 0.27ms
  2026-09-03 18:13:51 /build/assets/app-BlOeppPe.js ........................................................ ~ 1.57ms
  2026-09-03 18:13:51 /favicon.png ......................................................................... ~ 2.79ms
  2026-09-03 18:13:51 /manifest.json ....................................................................... ~ 4.25ms
  2026-09-03 18:13:51 /favicon.png ......................................................................... ~ 0.19ms
  2026-09-03 18:13:51 /icon-144.png ........................................................................ ~ 1.56ms
  2026-09-03 18:14:06 /notifications/unread-count ......................................................... ~ 16.88ms
  2026-09-03 18:14:15 /logout ............................................................................ ~ 510.41ms
  2026-09-03 18:14:15 / .................................................................................... ~ 0.22ms
  2026-09-03 18:14:15 /login ............................................................................. ~ 532.69ms
  2026-09-03 18:14:16 /build/assets/app-CbJobcEP.css ....................................................... ~ 0.30ms
  2026-09-03 18:14:16 /build/assets/app-BlOeppPe.js ........................................................ ~ 1.58ms
  2026-09-03 18:14:21 /login ............................................................................. ~ 505.56ms
  2026-09-03 18:14:21 /admin ............................................................................. ~ 504.40ms
  2026-09-03 18:14:22 /build/assets/app-CbJobcEP.css ....................................................... ~ 0.23ms
  2026-09-03 18:14:22 /build/assets/app-BlOeppPe.js ........................................................ ~ 1.57ms
  2026-09-03 18:14:22 /favicon.png ......................................................................... ~ 2.90ms
  2026-09-03 18:14:22 /manifest.json ....................................................................... ~ 4.30ms
  2026-09-03 18:14:22 /icon-144.png ........................................................................ ~ 0.25ms
  2026-09-03 18:14:32 /admin/interventions ............................................................... ~ 508.05ms
  2026-09-03 18:14:32 /build/assets/app-CbJobcEP.css ....................................................... ~ 0.26ms
  2026-09-03 18:14:32 /build/assets/app-BlOeppPe.js ........................................................ ~ 0.22ms
  2026-09-03 18:14:32 /favicon.png ......................................................................... ~ 5.65ms
  2026-09-03 18:14:32 /manifest.json ....................................................................... ~ 7.52ms
  2026-09-03 18:14:32 /icon-144.png ........................................................................ ~ 0.20ms
  2026-09-03 18:14:36 /admin/intervention/22 ............................................................. ~ 505.75ms
  2026-09-03 18:14:37 /build/assets/app-CbJobcEP.css ....................................................... ~ 0.32ms
  2026-09-03 18:14:37 /build/assets/app-BlOeppPe.js ........................................................ ~ 0.26ms
  2026-09-03 18:14:37 /favicon.png ......................................................................... ~ 4.57ms
  2026-09-03 18:14:37 /manifest.json ....................................................................... ~ 2.91ms
  2026-09-03 18:14:37 /icon-144.png ........................................................................ ~ 0.25ms
  2026-09-03 18:14:52 /notifications/unread-count ........................................................ ~ 501.13ms
  2026-09-03 18:15:07 /notifications/unread-count .......................................................... ~ 0.41ms
  2026-09-03 18:15:10 /notifications/unread-count ........................................................ ~ 541.96ms
  2026-09-03 18:15:10 /icon-144.png ...................................................................... ~ 543.37ms
  2026-09-03 18:15:17 /notifications/unread-count .......................................................... ~ 0.32ms
  2026-09-03 18:15:21 /notifications/unread-count ........................................................ ~ 545.18ms
  2026-09-03 18:15:22 /icon-144.png ........................................................................ ~ 0.24ms
  2026-09-03 18:15:23 /admin/professionnels ................................................................... ~ 1 s
  2026-09-03 18:15:25 /build/assets/app-CbJobcEP.css ....................................................... ~ 0.28ms
  2026-09-03 18:15:25 /build/assets/app-BlOeppPe.js ........................................................ ~ 1.78ms
  2026-09-03 18:15:25 /favicon.png ......................................................................... ~ 3.31ms
  2026-09-03 18:15:25 /manifest.json ....................................................................... ~ 3.66ms
  2026-09-03 18:15:25 /icon-144.png ...................................................................... ~ 506.33ms
  2026-09-03 18:15:29 /admin/professionnel/10 ............................................................ ~ 504.96ms
  2026-09-03 18:15:30 /build/assets/app-CbJobcEP.css ....................................................... ~ 0.48ms
  2026-09-03 18:15:30 /build/assets/app-BlOeppPe.js ....................................................... ~ 12.03ms
  2026-09-03 18:15:30 /favicon.png ........................................................................ ~ 14.49ms
  2026-09-03 18:15:30 /manifest.json ...................................................................... ~ 16.01ms
  2026-09-03 18:15:30 /icon-144.png ........................................................................ ~ 0.74ms
  2026-09-03 18:15:45 /notifications/unread-count ......................................................... ~ 27.61ms
  2026-09-03 18:15:45 /admin/professionnel/10/suspendre .................................................. ~ 512.99ms
  2026-09-03 18:15:45 /admin/professionnel/10 ............................................................ ~ 523.21ms
  2026-09-03 18:15:46 /build/assets/app-CbJobcEP.css ....................................................... ~ 0.26ms
  2026-09-03 18:15:46 /build/assets/app-BlOeppPe.js ........................................................ ~ 1.60ms
  2026-09-03 18:15:46 /favicon.png ......................................................................... ~ 2.91ms
  2026-09-03 18:15:46 /manifest.json ....................................................................... ~ 3.03ms
  2026-09-03 18:15:46 /icon-144.png ........................................................................ ~ 0.17ms
  2026-09-03 18:15:54 /admin/professionnel/10/reactiver .................................................. ~ 551.39ms
  2026-09-03 18:15:54 /admin/professionnel/10 .............................................................. ~ 0.18ms
  2026-09-03 18:15:54 /build/assets/app-CbJobcEP.css ....................................................... ~ 0.21ms
  2026-09-03 18:15:54 /build/assets/app-BlOeppPe.js ........................................................ ~ 1.22ms
  2026-09-03 18:15:54 /favicon.png ......................................................................... ~ 2.25ms
  2026-09-03 18:15:54 /manifest.json ....................................................................... ~ 3.43ms
  2026-09-03 18:15:54 /icon-144.png ....................................................................... ~ 18.85ms
  2026-09-03 18:16:00 /icon-144.png ........................................................................ ~ 0.39ms
  2026-09-03 18:16:02 /icon-144.png ....................................................................... ~ 35.22ms
  2026-09-03 18:16:03 /notifications/unread-count ........................................................ ~ 545.41ms
  2026-09-03 18:16:04 /icon-144.png ........................................................................ ~ 0.25ms
  2026-09-03 18:16:09 /notifications/unread-count ........................................................ ~ 511.62ms
  2026-09-03 18:16:09 /icon-144.png ........................................................................ ~ 0.26ms
  2026-09-03 18:16:18 /admin/clients .......................................................................... ~ 1 s
  2026-09-03 18:16:19 /build/assets/app-CbJobcEP.css ....................................................... ~ 0.32ms
  2026-09-03 18:16:19 /build/assets/app-BlOeppPe.js ........................................................ ~ 1.77ms
  2026-09-03 18:16:19 /favicon.png ......................................................................... ~ 3.11ms
  2026-09-03 18:16:19 /manifest.json ....................................................................... ~ 4.74ms
  2026-09-03 18:16:19 /icon-144.png ........................................................................ ~ 0.19ms
  2026-09-03 18:16:24 /admin/client/15 ................................................................... ~ 501.17ms
  2026-09-03 18:16:25 /build/assets/app-CbJobcEP.css ....................................................... ~ 0.29ms
  2026-09-03 18:16:25 /build/assets/app-BlOeppPe.js ........................................................ ~ 1.67ms
  2026-09-03 18:16:25 /favicon.png ......................................................................... ~ 2.99ms
  2026-09-03 18:16:25 /manifest.json ....................................................................... ~ 4.51ms
  2026-09-03 18:16:25 /icon-144.png ........................................................................ ~ 0.18ms
  2026-09-03 18:16:34 /logout ............................................................................ ~ 508.96ms
  2026-09-03 18:16:34 / .................................................................................... ~ 0.49ms
  2026-09-03 18:16:35 /login ............................................................................. ~ 549.97ms
  2026-09-03 18:16:35 /build/assets/app-CbJobcEP.css ....................................................... ~ 0.26ms
  2026-09-03 18:16:35 /build/assets/app-BlOeppPe.js ........................................................ ~ 1.49ms
  2026-09-03 18:16:38 /register .......................................................................... ~ 503.91ms
  2026-09-03 18:16:39 /build/assets/app-CbJobcEP.css ....................................................... ~ 0.60ms
  2026-09-03 18:16:39 /build/assets/app-BlOeppPe.js ........................................................ ~ 2.82ms
  2026-09-03 18:17:04 /login ............................................................................. ~ 537.05ms
  2026-09-03 18:17:05 /build/assets/app-CbJobcEP.css ....................................................... ~ 0.33ms
  2026-09-03 18:17:05 /build/assets/app-BlOeppPe.js ........................................................ ~ 2.04ms
  2026-09-03 18:17:15 /login ............................................................................. ~ 526.84ms
  2026-09-03 18:17:15 /login ............................................................................. ~ 541.52ms
  2026-09-03 18:17:16 /build/assets/app-CbJobcEP.css ....................................................... ~ 0.26ms
  2026-09-03 18:17:16 /build/assets/app-BlOeppPe.js ........................................................ ~ 1.56ms
  2026-09-03 18:17:25 /login ............................................................................. ~ 508.60ms
  2026-09-03 18:17:26 /depanneur .............................................................................. ~ 1 s
  2026-09-03 18:17:27 /build/assets/app-CbJobcEP.css ....................................................... ~ 0.46ms
  2026-09-03 18:17:27 /build/assets/app-BlOeppPe.js ........................................................ ~ 6.21ms
  2026-09-03 18:17:27 /favicon.png ........................................................................ ~ 17.05ms
  2026-09-03 18:17:27 /manifest.json ...................................................................... ~ 26.82ms
  2026-09-03 18:17:28 /icon-144.png ....................................................................... ~ 13.84ms
  2026-09-03 18:17:43 /notifications/unread-count .......................................................... ~ 1.03ms
  2026-09-03 18:17:53 /depanneur .......................................................................... ~ 23.05ms
  2026-09-03 18:17:53 /build/assets/app-CbJobcEP.css ...................................................... ~ 18.78ms
  2026-09-03 18:17:53 /build/assets/app-BlOeppPe.js ....................................................... ~ 20.26ms
  2026-09-03 18:17:53 /favicon.png ........................................................................ ~ 21.55ms
  2026-09-03 18:17:53 /manifest.json ...................................................................... ~ 23.09ms
  2026-09-03 18:17:53 /icon-144.png ........................................................................ ~ 0.24ms
  2026-09-03 18:17:56 /depanneur/demandes ..................................................................... ~ 1 s
  2026-09-03 18:17:57 /build/assets/app-CbJobcEP.css ....................................................... ~ 0.22ms
  2026-09-03 18:17:57 /build/assets/app-BlOeppPe.js ........................................................ ~ 1.81ms
  2026-09-03 18:17:57 /favicon.png ......................................................................... ~ 3.40ms
  2026-09-03 18:17:57 /manifest.json ....................................................................... ~ 4.89ms
  2026-09-03 18:17:57 /icon-144.png ........................................................................ ~ 0.24ms
  2026-09-03 18:18:07 /depanneur/demandes/5/accepter ..................................................... ~ 508.51ms
  2026-09-03 18:18:07 /depanneur/demandes .................................................................. ~ 0.16ms
  2026-09-03 18:18:07 /build/assets/app-CbJobcEP.css ....................................................... ~ 0.21ms
  2026-09-03 18:18:07 /build/assets/app-BlOeppPe.js ........................................................ ~ 4.47ms
  2026-09-03 18:18:07 /favicon.png ......................................................................... ~ 5.89ms
  2026-09-03 18:18:07 /manifest.json ....................................................................... ~ 7.03ms
  2026-09-03 18:18:07 /icon-144.png ........................................................................ ~ 0.15ms
  2026-09-03 18:18:11 /depanneur ......................................................................... ~ 523.41ms
  2026-09-03 18:18:12 /build/assets/app-CbJobcEP.css ....................................................... ~ 0.30ms
  2026-09-03 18:18:12 /build/assets/app-BlOeppPe.js ........................................................ ~ 1.61ms
  2026-09-03 18:18:12 /favicon.png ......................................................................... ~ 3.10ms
  2026-09-03 18:18:12 /manifest.json ....................................................................... ~ 5.96ms
  2026-09-03 18:18:12 /icon-144.png ........................................................................ ~ 0.24ms
  2026-09-03 18:18:20 /depanneur/intervention/5 ............................................................... ~ 1 s
  2026-09-03 18:18:22 /build/assets/app-CbJobcEP.css ....................................................... ~ 0.17ms
  2026-09-03 18:18:22 /build/assets/app-BlOeppPe.js ........................................................ ~ 1.25ms
  2026-09-03 18:18:22 /favicon.png ......................................................................... ~ 1.21ms
  2026-09-03 18:18:22 /manifest.json ....................................................................... ~ 2.40ms
  2026-09-03 18:18:22 /icon-144.png ........................................................................ ~ 0.15ms
  2026-09-03 18:18:37 /notifications/unread-count ........................................................ ~ 546.64ms
  2026-09-03 18:18:52 /notifications/unread-count ........................................................ ~ 515.51ms
  2026-09-03 18:18:55 /depanneur/intervention/5/statut ................................................... ~ 504.44ms
  2026-09-03 18:18:55 /depanneur/intervention/5 .......................................................... ~ 504.94ms
  2026-09-03 18:18:55 /build/assets/app-CbJobcEP.css ....................................................... ~ 0.30ms
  2026-09-03 18:18:55 /build/assets/app-BlOeppPe.js ........................................................ ~ 1.54ms
  2026-09-03 18:18:55 /favicon.png ......................................................................... ~ 2.94ms
  2026-09-03 18:18:55 /manifest.json ....................................................................... ~ 4.41ms
  2026-09-03 18:18:55 /icon-144.png ........................................................................ ~ 0.25ms
  2026-09-03 18:19:10 /notifications/unread-count .......................................................... ~ 0.37ms
  2026-09-03 18:19:21 /logout ............................................................................ ~ 504.89ms
  2026-09-03 18:19:22 / .................................................................................... ~ 0.42ms
  2026-09-03 18:19:22 /login ............................................................................. ~ 523.36ms
  2026-09-03 18:19:22 /build/assets/app-CbJobcEP.css ....................................................... ~ 0.40ms
  2026-09-03 18:19:22 /build/assets/app-BlOeppPe.js ........................................................ ~ 2.05ms
  2026-09-03 18:19:36 /login ............................................................................. ~ 524.62ms
  2026-09-03 18:19:36 /client ............................................................................ ~ 517.23ms
  2026-09-03 18:19:37 /build/assets/app-CbJobcEP.css ....................................................... ~ 0.25ms
  2026-09-03 18:19:37 /build/assets/app-BlOeppPe.js ........................................................ ~ 1.49ms
  2026-09-03 18:19:37 /favicon.png ......................................................................... ~ 2.72ms
  2026-09-03 18:19:37 /manifest.json ....................................................................... ~ 4.25ms
  2026-09-03 18:19:37 /icon-144.png ........................................................................ ~ 0.17ms
  2026-09-03 18:19:44 /client/intervention/8 ............................................................... ~ 1.50ms
  2026-09-03 18:19:45 /build/assets/app-CbJobcEP.css ....................................................... ~ 0.91ms
  2026-09-03 18:19:45 /build/assets/app-BlOeppPe.js ........................................................ ~ 6.68ms
  2026-09-03 18:19:45 /favicon.png ......................................................................... ~ 9.95ms
  2026-09-03 18:19:45 /manifest.json ....................................................................... ~ 6.82ms
  2026-09-03 18:19:45 /icon-144.png ........................................................................ ~ 0.79ms
  2026-09-03 18:20:00 /notifications/unread-count ......................................................... ~ 24.79ms
  2026-09-03 18:20:00 /client ............................................................................ ~ 546.37ms
  2026-09-03 18:20:01 /build/assets/app-CbJobcEP.css ....................................................... ~ 0.29ms
  2026-09-03 18:20:01 /build/assets/app-BlOeppPe.js ........................................................ ~ 1.52ms
  2026-09-03 18:20:01 /favicon.png ......................................................................... ~ 2.74ms
  2026-09-03 18:20:01 /manifest.json ....................................................................... ~ 4.60ms
  2026-09-03 18:20:01 /icon-144.png ........................................................................ ~ 0.26ms
  2026-09-03 18:20:05 /client/intervention/nouvelle ...................................................... ~ 536.17ms
  2026-09-03 18:20:05 /build/assets/app-CbJobcEP.css ....................................................... ~ 0.28ms
  2026-09-03 18:20:05 /build/assets/app-BlOeppPe.js ........................................................ ~ 1.82ms
  2026-09-03 18:20:05 /favicon.png ......................................................................... ~ 3.10ms
  2026-09-03 18:20:05 /manifest.json ....................................................................... ~ 3.24ms
  2026-09-03 18:20:05 /icon-144.png ...................................................................... ~ 510.80ms
  2026-09-03 18:20:05 /client/professionnels-disponibles ................................................. ~ 501.86ms
  2026-09-03 18:20:20 /notifications/unread-count ......................................................... ~ 25.75ms
  2026-09-03 18:20:35 /notifications/unread-count .......................................................... ~ 0.62ms
  2026-09-03 18:20:50 /notifications/unread-count ........................................................ ~ 502.72ms
  2026-09-03 18:21:05 /notifications/unread-count .......................................................... ~ 0.60ms
  2026-09-03 18:21:20 /notifications/unread-count ........................................................ ~ 538.40ms
  2026-09-03 18:21:35 /notifications/unread-count ........................................................ ~ 502.62ms
  2026-09-03 18:22:08 /notifications/unread-count ........................................................ ~ 507.69ms
  2026-09-03 18:22:15 /client/intervention/nouvelle ...................................................... ~ 508.75ms
  2026-09-03 18:22:15 /build/assets/app-CbJobcEP.css ....................................................... ~ 0.24ms
  2026-09-03 18:22:15 /build/assets/app-BlOeppPe.js ........................................................ ~ 0.22ms
  2026-09-03 18:22:15 /favicon.png ......................................................................... ~ 5.95ms
  2026-09-03 18:22:15 /manifest.json ....................................................................... ~ 0.18ms
  2026-09-03 18:22:16 /favicon.png ......................................................................... ~ 0.55ms
  2026-09-03 18:22:16 /icon-144.png ........................................................................ ~ 0.21ms
  2026-09-03 18:22:18 /client/professionnels-disponibles ................................................. ~ 519.19ms
  2026-09-03 18:22:30 /notifications/unread-count ........................................................ ~ 522.33ms
  2026-09-03 18:22:46 /notifications/unread-count ......................................................... ~ 16.91ms
  2026-09-03 18:23:00 /notifications/unread-count ........................................................ ~ 537.76ms
  2026-09-03 18:23:15 /notifications/unread-count ........................................................ ~ 521.01ms
  2026-09-03 18:23:17 /client/professionnels-disponibles ................................................. ~ 545.00ms
  2026-09-03 18:23:20 /client/intervention ............................................................... ~ 533.38ms
  2026-09-03 18:23:20 /client/intervention/23 ............................................................ ~ 502.77ms
  2026-09-03 18:23:21 /build/assets/app-CbJobcEP.css ....................................................... ~ 0.17ms
  2026-09-03 18:23:21 /build/assets/app-BlOeppPe.js ........................................................ ~ 0.28ms
  2026-09-03 18:23:21 /favicon.png ......................................................................... ~ 1.58ms
  2026-09-03 18:23:21 /manifest.json ....................................................................... ~ 3.06ms
  2026-09-03 18:23:21 /icon-144.png ........................................................................ ~ 0.25ms
  2026-09-03 18:23:29 /notifications ..................................................................... ~ 537.15ms
  2026-09-03 18:23:29 /build/assets/app-CbJobcEP.css ....................................................... ~ 0.24ms
  2026-09-03 18:23:29 /build/assets/app-BlOeppPe.js ........................................................ ~ 0.27ms
  2026-09-03 18:23:29 /favicon.png ......................................................................... ~ 1.56ms
  2026-09-03 18:23:29 /manifest.json ....................................................................... ~ 2.97ms
  2026-09-03 18:23:29 /icon-144.png ........................................................................ ~ 0.24ms
  2026-09-03 18:23:35 /notifications/41/read ............................................................... ~ 0.63ms
  2026-09-03 18:23:36 /notifications ..................................................................... ~ 523.97ms
  2026-09-03 18:23:36 /build/assets/app-CbJobcEP.css ....................................................... ~ 0.24ms
  2026-09-03 18:23:36 /build/assets/app-BlOeppPe.js ........................................................ ~ 2.13ms
  2026-09-03 18:23:36 /favicon.png ......................................................................... ~ 3.59ms
  2026-09-03 18:23:36 /manifest.json ....................................................................... ~ 7.51ms
  2026-09-03 18:23:36 /icon-144.png ........................................................................ ~ 0.32ms
  2026-09-03 18:23:38 /notifications/42/read ............................................................... ~ 0.69ms
  2026-09-03 18:23:39 /notifications ..................................................................... ~ 509.85ms
  2026-09-03 18:23:39 /build/assets/app-CbJobcEP.css ....................................................... ~ 0.20ms
  2026-09-03 18:23:39 /build/assets/app-BlOeppPe.js ........................................................ ~ 1.40ms
  2026-09-03 18:23:39 /favicon.png ......................................................................... ~ 1.44ms
  2026-09-03 18:23:39 /manifest.json ....................................................................... ~ 2.67ms
  2026-09-03 18:23:39 /icon-144.png ........................................................................ ~ 0.16ms
  2026-09-03 18:23:42 /logout ............................................................................ ~ 511.91ms
  2026-09-03 18:23:42 / .................................................................................... ~ 0.32ms
  2026-09-03 18:23:43 /login ............................................................................. ~ 502.73ms
  2026-09-03 18:23:43 /build/assets/app-CbJobcEP.css ....................................................... ~ 0.21ms
  2026-09-03 18:23:43 /build/assets/app-BlOeppPe.js ........................................................ ~ 1.46ms
  2026-09-03 18:23:52 /login ............................................................................. ~ 519.62ms
  2026-09-03 18:23:53 /remorqueur ........................................................................ ~ 541.14ms
  2026-09-03 18:23:53 /build/assets/app-CbJobcEP.css ....................................................... ~ 0.29ms
  2026-09-03 18:23:53 /build/assets/app-BlOeppPe.js ........................................................ ~ 1.84ms
  2026-09-03 18:23:53 /favicon.png ......................................................................... ~ 4.30ms
  2026-09-03 18:23:53 /manifest.json ....................................................................... ~ 5.76ms
  2026-09-03 18:23:53 /icon-144.png ........................................................................ ~ 0.23ms
  2026-09-03 18:24:08 /notifications/unread-count ........................................................ ~ 544.63ms
  2026-09-03 18:24:14 /remorqueur/intervention/22 ........................................................ ~ 502.84ms
  2026-09-03 18:24:14 /build/assets/app-CbJobcEP.css ....................................................... ~ 0.28ms
  2026-09-03 18:24:14 /build/assets/app-BlOeppPe.js ........................................................ ~ 1.60ms
  2026-09-03 18:24:14 /favicon.png ......................................................................... ~ 4.54ms
  2026-09-03 18:24:14 /manifest.json ....................................................................... ~ 4.84ms
  2026-09-03 18:24:14 /icon-144.png ........................................................................ ~ 0.24ms
  2026-09-03 18:24:23 /remorqueur/intervention/22/statut ................................................. ~ 507.91ms
  2026-09-03 18:24:24 /remorqueur/intervention/22 ........................................................ ~ 503.88ms
  2026-09-03 18:24:24 /build/assets/app-CbJobcEP.css ....................................................... ~ 0.27ms
  2026-09-03 18:24:24 /build/assets/app-BlOeppPe.js ........................................................ ~ 1.56ms
  2026-09-03 18:24:24 /favicon.png ......................................................................... ~ 2.90ms
  2026-09-03 18:24:24 /manifest.json ....................................................................... ~ 6.78ms
  2026-09-03 18:24:24 /icon-144.png ........................................................................ ~ 0.19ms
  2026-09-03 18:24:34 /remorqueur/demandes ............................................................... ~ 505.64ms
  2026-09-03 18:24:34 /build/assets/app-CbJobcEP.css ....................................................... ~ 0.27ms
  2026-09-03 18:24:34 /build/assets/app-BlOeppPe.js ........................................................ ~ 1.71ms
  2026-09-03 18:24:34 /favicon.png ......................................................................... ~ 2.73ms
  2026-09-03 18:24:34 /manifest.json ....................................................................... ~ 4.25ms
  2026-09-03 18:24:34 /icon-144.png ........................................................................ ~ 0.24ms
  2026-09-03 18:24:45 /remorqueur ........................................................................ ~ 501.81ms
  2026-09-03 18:24:45 /build/assets/app-CbJobcEP.css ....................................................... ~ 0.28ms
  2026-09-03 18:24:45 /build/assets/app-BlOeppPe.js ........................................................ ~ 1.83ms
  2026-09-03 18:24:45 /favicon.png ......................................................................... ~ 4.60ms
  2026-09-03 18:24:45 /manifest.json ....................................................................... ~ 6.25ms
  2026-09-03 18:24:45 /icon-144.png ........................................................................ ~ 0.24ms
  2026-09-03 18:24:53 /remorqueur ........................................................................ ~ 506.54ms
  2026-09-03 18:24:53 /livewire-3d30c09b/livewire.js ....................................................... ~ 0.18ms
  2026-09-03 18:24:53 /build/assets/app-CbJobcEP.css ....................................................... ~ 1.24ms
  2026-09-03 18:24:53 /build/assets/app-BlOeppPe.js ........................................................ ~ 2.28ms
  2026-09-03 18:24:53 /favicon.png ......................................................................... ~ 3.31ms
  2026-09-03 18:24:53 /manifest.json ....................................................................... ~ 4.48ms
  2026-09-03 18:24:53 /favicon.png ........................................................................ ~ 23.24ms
  2026-09-03 18:24:54 /icon-144.png ....................................................................... ~ 24.86ms
  2026-09-03 18:25:08 /notifications/unread-count ........................................................ ~ 534.62ms
  2026-09-03 18:25:12 /logout ............................................................................ ~ 513.07ms
  2026-09-03 18:25:13 / .................................................................................... ~ 0.20ms
  2026-09-03 18:25:13 /login ............................................................................. ~ 516.96ms
  2026-09-03 18:25:13 /build/assets/app-CbJobcEP.css ....................................................... ~ 0.21ms
  2026-09-03 18:25:13 /build/assets/app-BlOeppPe.js ........................................................ ~ 1.44ms
  2026-09-03 18:25:21 /login ............................................................................. ~ 530.05ms
  2026-09-03 18:25:22 /client ............................................................................ ~ 514.96ms
  2026-09-03 18:25:22 /build/assets/app-CbJobcEP.css ....................................................... ~ 0.21ms
  2026-09-03 18:25:22 /build/assets/app-BlOeppPe.js ........................................................ ~ 1.23ms
  2026-09-03 18:25:22 /favicon.png ......................................................................... ~ 2.25ms
  2026-09-03 18:25:22 /manifest.json ....................................................................... ~ 3.42ms
  2026-09-03 18:25:22 /icon-144.png ........................................................................ ~ 0.15ms
  2026-09-03 18:25:30 /client/intervention/23 ............................................................ ~ 504.61ms
  2026-09-03 18:25:30 /build/assets/app-CbJobcEP.css ....................................................... ~ 1.82ms
  2026-09-03 18:25:30 /build/assets/app-BlOeppPe.js ........................................................ ~ 5.73ms
  2026-09-03 18:25:30 /favicon.png ......................................................................... ~ 6.86ms
  2026-09-03 18:25:30 /manifest.json ....................................................................... ~ 2.67ms
  2026-09-03 18:25:30 /icon-144.png ........................................................................ ~ 0.15ms
  2026-09-03 18:25:44 /logout .............................................................................. ~ 0.50ms
  2026-09-03 18:25:44 / .................................................................................. ~ 506.15ms
  2026-09-03 18:25:44 /login ............................................................................. ~ 529.94ms
  2026-09-03 18:25:45 /build/assets/app-CbJobcEP.css ....................................................... ~ 0.25ms
  2026-09-03 18:25:45 /build/assets/app-BlOeppPe.js ........................................................ ~ 1.54ms
  2026-09-03 18:26:01 /login ............................................................................. ~ 508.69ms
  2026-09-03 18:26:01 /remorqueur ........................................................................ ~ 504.01ms
  2026-09-03 18:26:02 /build/assets/app-CbJobcEP.css ....................................................... ~ 0.31ms
  2026-09-03 18:26:02 /build/assets/app-BlOeppPe.js ........................................................ ~ 1.85ms
  2026-09-03 18:26:02 /favicon.png ......................................................................... ~ 3.18ms
  2026-09-03 18:26:02 /manifest.json ....................................................................... ~ 4.50ms
  2026-09-03 18:26:02 /icon-144.png ........................................................................ ~ 0.24ms
  2026-09-03 18:26:05 /remorqueur/intervention/16 ........................................................ ~ 513.92ms
  2026-09-03 18:26:06 /build/assets/app-CbJobcEP.css ....................................................... ~ 0.69ms
  2026-09-03 18:26:06 /build/assets/app-BlOeppPe.js ........................................................ ~ 1.81ms
  2026-09-03 18:26:06 /favicon.png ......................................................................... ~ 2.77ms
  2026-09-03 18:26:06 /manifest.json ....................................................................... ~ 3.82ms
  2026-09-03 18:26:06 /icon-144.png ........................................................................ ~ 0.15ms
  2026-09-03 18:26:13 /remorqueur/intervention/16/statut ................................................. ~ 506.50ms
  2026-09-03 18:26:14 /remorqueur/intervention/16 ........................................................ ~ 503.36ms
  2026-09-03 18:26:14 /build/assets/app-CbJobcEP.css ....................................................... ~ 0.29ms
  2026-09-03 18:26:14 /build/assets/app-BlOeppPe.js ........................................................ ~ 1.56ms
  2026-09-03 18:26:14 /favicon.png ......................................................................... ~ 2.87ms
  2026-09-03 18:26:14 /manifest.json ....................................................................... ~ 4.42ms
  2026-09-03 18:26:14 /icon-144.png ........................................................................ ~ 0.18ms
  2026-09-03 18:26:21 /icon-144.png ....................................................................... ~ 16.44ms
  2026-09-03 18:26:24 /notifications/unread-count ........................................................ ~ 507.46ms
  2026-09-03 18:26:25 /icon-144.png ........................................................................ ~ 0.20ms
  2026-09-03 18:26:30 /remorqueur/intervention/16 .......................................................... ~ 1.86ms
  2026-09-03 18:26:30 /build/assets/app-CbJobcEP.css ....................................................... ~ 3.74ms
  2026-09-03 18:26:30 /build/assets/app-BlOeppPe.js ........................................................ ~ 6.25ms
  2026-09-03 18:26:30 /favicon.png ......................................................................... ~ 9.44ms
  2026-09-03 18:26:30 /manifest.json ....................................................................... ~ 8.80ms
  2026-09-03 18:26:31 /icon-144.png ....................................................................... ~ 28.83ms
  2026-09-03 18:26:38 /logout .............................................................................. ~ 0.52ms
  2026-09-03 18:26:39 / .................................................................................. ~ 506.32ms
  2026-09-03 18:26:39 /login ............................................................................. ~ 511.60ms
  2026-09-03 18:26:39 /build/assets/app-CbJobcEP.css ....................................................... ~ 0.26ms
  2026-09-03 18:26:39 /build/assets/app-BlOeppPe.js ........................................................ ~ 1.65ms
  2026-09-03 18:26:53 /login ............................................................................. ~ 541.18ms
  2026-09-03 18:26:54 /remorqueur ........................................................................ ~ 533.53ms
  2026-09-03 18:26:54 /build/assets/app-CbJobcEP.css ....................................................... ~ 0.23ms
  2026-09-03 18:26:54 /build/assets/app-BlOeppPe.js ........................................................ ~ 1.32ms
  2026-09-03 18:26:54 /favicon.png ......................................................................... ~ 2.38ms
  2026-09-03 18:26:54 /manifest.json ....................................................................... ~ 3.83ms
  2026-09-03 18:26:54 /icon-144.png ........................................................................ ~ 0.23ms
  2026-09-03 18:27:02 /remorqueur/intervention/6 ........................................................... ~ 3.98ms
  2026-09-03 18:27:02 /build/assets/app-CbJobcEP.css ..................................................... ~ 539.82ms
  2026-09-03 18:27:02 /build/assets/app-BlOeppPe.js ........................................................ ~ 0.20ms
  2026-09-03 18:27:02 /favicon.png ......................................................................... ~ 1.90ms
  2026-09-03 18:27:02 /manifest.json ....................................................................... ~ 3.27ms
  2026-09-03 18:27:03 /icon-144.png ........................................................................ ~ 0.25ms
  2026-09-03 18:27:17 /notifications/unread-count ......................................................... ~ 19.00ms
  2026-09-03 18:27:22 /remorqueur/intervention/6/statut .................................................... ~ 0.60ms
  2026-09-03 18:27:22 /remorqueur/intervention/6 ......................................................... ~ 520.50ms
  2026-09-03 18:27:23 /build/assets/app-CbJobcEP.css ....................................................... ~ 0.22ms
  2026-09-03 18:27:23 /build/assets/app-BlOeppPe.js ........................................................ ~ 1.25ms
  2026-09-03 18:27:23 /favicon.png ......................................................................... ~ 2.29ms
  2026-09-03 18:27:23 /manifest.json ....................................................................... ~ 3.49ms
  2026-09-03 18:27:23 /icon-144.png ........................................................................ ~ 0.16ms
  2026-09-03 18:27:27 /remorqueur/intervention/6/statut .................................................. ~ 536.04ms
  2026-09-03 18:27:27 /remorqueur/intervention/6 ........................................................... ~ 1.21ms
  2026-09-03 18:27:27 /build/assets/app-CbJobcEP.css ....................................................... ~ 0.50ms
  2026-09-03 18:27:27 /build/assets/app-BlOeppPe.js ........................................................ ~ 1.98ms
  2026-09-03 18:27:27 /favicon.png ......................................................................... ~ 3.30ms
  2026-09-03 18:27:27 /manifest.json ....................................................................... ~ 4.92ms
  2026-09-03 18:27:28 /icon-144.png ........................................................................ ~ 0.18ms
  2026-09-03 18:27:35 /remorqueur/intervention/6/statut .................................................. ~ 510.01ms
  2026-09-03 18:27:36 /remorqueur/intervention/6 ........................................................... ~ 0.17ms
  2026-09-03 18:27:36 /build/assets/app-CbJobcEP.css ....................................................... ~ 0.24ms
  2026-09-03 18:27:36 /build/assets/app-BlOeppPe.js ........................................................ ~ 1.41ms
  2026-09-03 18:27:36 /favicon.png ......................................................................... ~ 2.59ms
  2026-09-03 18:27:36 /manifest.json ....................................................................... ~ 5.03ms
  2026-09-03 18:27:36 /icon-144.png ........................................................................ ~ 0.92ms
  2026-09-03 18:27:42 /remorqueur .......................................................................... ~ 0.76ms
  2026-09-03 18:27:43 /build/assets/app-CbJobcEP.css ...................................................... ~ 29.37ms
  2026-09-03 18:27:43 /build/assets/app-BlOeppPe.js ....................................................... ~ 30.65ms
  2026-09-03 18:27:43 /favicon.png ........................................................................ ~ 31.93ms
  2026-09-03 18:27:43 /manifest.json ....................................................................... ~ 2.81ms
  2026-09-03 18:27:43 /icon-144.png ........................................................................ ~ 0.22ms
  2026-09-03 18:27:54 /logout ............................................................................ ~ 506.62ms
  2026-09-03 18:27:55 / .................................................................................... ~ 0.22ms
  2026-09-03 18:27:55 /login ............................................................................. ~ 546.78ms
  2026-09-03 18:27:55 /build/assets/app-CbJobcEP.css ....................................................... ~ 0.20ms
  2026-09-03 18:27:55 /build/assets/app-BlOeppPe.js ........................................................ ~ 1.51ms
  2026-09-03 18:28:03 /login ............................................................................. ~ 503.11ms
  2026-09-03 18:28:04 /client ............................................................................ ~ 503.85ms
  2026-09-03 18:28:04 /build/assets/app-CbJobcEP.css ....................................................... ~ 0.41ms
  2026-09-03 18:28:04 /build/assets/app-BlOeppPe.js ........................................................ ~ 2.61ms
  2026-09-03 18:28:04 /favicon.png ......................................................................... ~ 3.91ms
  2026-09-03 18:28:04 /manifest.json ....................................................................... ~ 5.33ms
  2026-09-03 18:28:04 /icon-144.png ........................................................................ ~ 0.24ms
  2026-09-03 18:28:11 /client/intervention/21 ............................................................ ~ 519.51ms
  2026-09-03 18:28:11 /build/assets/app-CbJobcEP.css ....................................................... ~ 0.23ms
  2026-09-03 18:28:11 /build/assets/app-BlOeppPe.js ........................................................ ~ 1.56ms
  2026-09-03 18:28:11 /favicon.png ......................................................................... ~ 2.96ms
  2026-09-03 18:28:11 /manifest.json ....................................................................... ~ 3.85ms
  2026-09-03 18:28:11 /icon-144.png ........................................................................ ~ 0.24ms
  2026-09-03 18:28:25 /client ............................................................................ ~ 525.91ms
  2026-09-03 18:28:26 /build/assets/app-CbJobcEP.css ....................................................... ~ 0.31ms
  2026-09-03 18:28:26 /build/assets/app-BlOeppPe.js ........................................................ ~ 4.40ms
  2026-09-03 18:28:26 /favicon.png ......................................................................... ~ 5.91ms
  2026-09-03 18:28:26 /manifest.json ....................................................................... ~ 7.40ms
  2026-09-03 18:28:26 /icon-144.png ........................................................................ ~ 0.36ms
  2026-09-03 18:28:38 /client/intervention/21 ............................................................ ~ 507.06ms
  2026-09-03 18:28:38 /build/assets/app-CbJobcEP.css ....................................................... ~ 0.23ms
  2026-09-03 18:28:38 /build/assets/app-BlOeppPe.js ........................................................ ~ 1.67ms
  2026-09-03 18:28:38 /favicon.png ......................................................................... ~ 3.04ms
  2026-09-03 18:28:38 /manifest.json ....................................................................... ~ 4.43ms
  2026-09-03 18:28:38 /icon-144.png ........................................................................ ~ 0.25ms
  2026-09-03 18:28:53 /notifications/unread-count ........................................................ ~ 519.77ms
  2026-09-03 18:29:08 /notifications/unread-count ........................................................ ~ 515.83ms
  2026-09-03 18:29:35 /notifications/unread-count ............................................................. ~ 1 s
  2026-09-03 18:29:38 /notifications/unread-count ........................................................ ~ 505.26ms
  2026-09-03 18:29:53 /notifications/unread-count ........................................................ ~ 513.68ms
  2026-09-03 18:30:08 /notifications/unread-count .......................................................... ~ 0.67ms
  2026-09-03 18:30:23 /notifications/unread-count ........................................................ ~ 503.66ms
  2026-09-03 18:30:38 /notifications/unread-count ........................................................ ~ 532.87ms
  2026-09-03 18:31:08 /notifications/unread-count ........................................................ ~ 534.72ms
  2026-09-03 18:32:11 /auth/login .......................................................................... ~ 0.62ms
  2026-09-03 18:32:11 /favicon.ico ....................................................................... ~ 511.36ms
  2026-09-03 18:32:29 / .................................................................................... ~ 0.64ms
  2026-09-03 18:32:29 /login ............................................................................. ~ 502.35ms
  2026-09-03 18:32:30 /build/assets/app-CbJobcEP.css ....................................................... ~ 0.41ms
  2026-09-03 18:32:30 /build/assets/app-BlOeppPe.js ........................................................ ~ 2.63ms
  2026-09-03 18:32:30 /favicon.svg ........................................................................ ~ 22.60ms
  2026-09-03 18:32:30 /login ................................................................................. ~ 30 s
  2026-09-03 18:33:01 /client ................................................................................. ~ 3 s
  2026-09-03 18:33:04 /build/assets/app-CbJobcEP.css ....................................................... ~ 0.20ms
  2026-09-03 18:33:04 /livewire-3d30c09b/livewire.js ...................................................... ~ 17.74ms
  2026-09-03 18:33:04 /build/assets/app-BlOeppPe.js ....................................................... ~ 19.68ms
  2026-09-03 18:33:04 /favicon.png ........................................................................ ~ 20.68ms
  2026-09-03 18:33:04 /manifest.json ...................................................................... ~ 22.06ms
  2026-09-03 18:33:05 /icon-144.png ........................................................................ ~ 0.81ms
  2026-09-03 18:33:05 /favicon.png ......................................................................... ~ 4.66ms
  2026-09-03 18:33:05 /client/intervention/21 ................................................................ ~ 15 s
  2026-09-03 18:33:21 /notifications/unread-count ........................................................ ~ 549.34ms
  2026-09-03 18:33:05 /manifest.json ......................................................................... ~ 16 s
  2026-09-03 18:33:21 /build/assets/app-CbJobcEP.css ....................................................... ~ 1.96ms
  2026-09-03 18:33:21 /build/assets/app-BlOeppPe.js ........................................................ ~ 5.24ms
  2026-09-03 18:33:21 /favicon.png ......................................................................... ~ 9.39ms
  2026-09-03 18:33:22 /icon-144.png ....................................................................... ~ 42.43ms
  2026-09-03 18:33:22 /notifications/unread-count ............................................................ ~ 14 s
  2026-09-03 18:33:38 /notifications ..................................................................... ~ 542.09ms
  2026-09-03 18:33:39 /build/assets/app-CbJobcEP.css ....................................................... ~ 0.19ms
  2026-09-03 18:33:39 /build/assets/app-BlOeppPe.js ....................................................... ~ 22.06ms
  2026-09-03 18:33:39 /favicon.png ........................................................................ ~ 23.55ms
  2026-09-03 18:33:39 /manifest.json ...................................................................... ~ 25.84ms
  2026-09-03 18:33:40 /icon-144.png ........................................................................ ~ 0.18ms
  2026-09-03 18:33:40 /notifications/46/read .................................................................. ~ 2 s
  2026-09-03 18:33:43 /notifications ..................................................................... ~ 500.84ms
  2026-09-03 18:33:43 /build/assets/app-CbJobcEP.css ....................................................... ~ 0.25ms
  2026-09-03 18:33:40 /manifest.json .......................................................................... ~ 3 s
  2026-09-03 18:33:43 /build/assets/app-BlOeppPe.js ........................................................ ~ 0.42ms
  2026-09-03 18:33:43 /favicon.png ......................................................................... ~ 2.81ms
  2026-09-03 18:33:44 /icon-144.png ....................................................................... ~ 32.61ms
  2026-09-03 18:33:44 /notifications/45/read .................................................................. ~ 1 s
  2026-09-03 18:33:46 /notifications ..................................................................... ~ 505.83ms
  2026-09-03 18:33:46 /build/assets/app-CbJobcEP.css ....................................................... ~ 0.27ms
  2026-09-03 18:33:46 /build/assets/app-BlOeppPe.js ........................................................ ~ 0.28ms
  2026-09-03 18:33:46 /favicon.png ......................................................................... ~ 1.52ms
  2026-09-03 18:33:46 /manifest.json ....................................................................... ~ 5.50ms
  2026-09-03 18:33:47 /icon-144.png ........................................................................ ~ 1.04ms
  2026-09-03 18:33:47 /logout ................................................................................. ~ 6 s
  2026-09-03 18:33:53 / .................................................................................. ~ 517.39ms
  2026-09-03 18:33:53 /login ............................................................................. ~ 538.82ms
  2026-09-03 18:33:54 /build/assets/app-CbJobcEP.css ....................................................... ~ 0.60ms
  2026-09-03 18:33:54 /build/assets/app-BlOeppPe.js ........................................................ ~ 2.85ms
  2026-09-03 18:33:54 /login ................................................................................. ~ 14 s
  2026-09-03 18:34:09 /remorqueur ............................................................................. ~ 1 s
  2026-09-03 18:34:11 /build/assets/app-CbJobcEP.css ....................................................... ~ 0.27ms
  2026-09-03 18:33:47 /manifest.json ......................................................................... ~ 24 s
  2026-09-03 18:34:12 /build/assets/app-BlOeppPe.js ........................................................ ~ 0.26ms
  2026-09-03 18:34:12 /favicon.png ......................................................................... ~ 1.59ms
  2026-09-03 18:34:12 /icon-144.png ....................................................................... ~ 18.70ms
  2026-09-03 18:34:12 /remorqueur/intervention/3 ............................................................. ~ 10 s
  2026-09-03 18:34:23 /build/assets/app-CbJobcEP.css ....................................................... ~ 0.49ms
  2026-09-03 18:34:23 /build/assets/app-BlOeppPe.js ........................................................ ~ 2.71ms
  2026-09-03 18:34:23 /favicon.png ......................................................................... ~ 4.81ms
  2026-09-03 18:34:23 /manifest.json ....................................................................... ~ 7.40ms
  2026-09-03 18:34:24 /icon-144.png ........................................................................ ~ 0.81ms
  2026-09-03 18:34:39 /notifications/unread-count ......................................................... ~ 36.33ms
  2026-09-03 18:34:39 /remorqueur/intervention/3/statut ....................................................... ~ 1 s
  2026-09-03 18:34:40 /remorqueur/intervention/3 ......................................................... ~ 504.04ms
  2026-09-03 18:34:41 /build/assets/app-CbJobcEP.css ....................................................... ~ 0.65ms
  2026-09-03 18:34:24 /manifest.json ......................................................................... ~ 17 s
  2026-09-03 18:34:41 /build/assets/app-BlOeppPe.js ........................................................ ~ 0.26ms
  2026-09-03 18:34:41 /favicon.png ......................................................................... ~ 1.64ms
  2026-09-03 18:34:42 /icon-144.png ....................................................................... ~ 39.60ms
  2026-09-03 18:34:42 /logout ................................................................................. ~ 9 s
  2026-09-03 18:34:52 / .................................................................................... ~ 0.37ms
  2026-09-03 18:34:52 /login ............................................................................. ~ 517.96ms
  2026-09-03 18:34:53 /build/assets/app-CbJobcEP.css ...................................................... ~ 39.87ms
  2026-09-03 18:34:53 /build/assets/app-BlOeppPe.js ....................................................... ~ 41.38ms
  2026-09-03 18:34:53 /login ................................................................................. ~ 22 s
  2026-09-03 18:35:17 /client ............................................................................ ~ 501.11ms
  2026-09-03 18:35:17 /build/assets/app-CbJobcEP.css ....................................................... ~ 0.24ms
  2026-09-03 18:35:17 /build/assets/app-BlOeppPe.js ........................................................ ~ 0.27ms
  2026-09-03 18:35:17 /favicon.png ......................................................................... ~ 1.57ms
  2026-09-03 18:35:17 /manifest.json ....................................................................... ~ 3.04ms
  2026-09-03 18:35:18 /icon-144.png ........................................................................ ~ 0.42ms
  2026-09-03 18:35:18 /client/intervention/21 ................................................................. ~ 3 s
  2026-09-03 18:35:18 /manifest.json .......................................................................... ~ 3 s
  2026-09-03 18:35:22 /build/assets/app-CbJobcEP.css ....................................................... ~ 0.87ms
  2026-09-03 18:35:22 /build/assets/app-BlOeppPe.js ........................................................ ~ 2.39ms
  2026-09-03 18:35:22 /favicon.png ......................................................................... ~ 3.63ms
  2026-09-03 18:35:22 /icon-144.png ........................................................................ ~ 0.24ms
  2026-09-03 18:35:22 /notifications/unread-count ............................................................ ~ 14 s
  2026-09-03 18:35:53 /notifications/unread-count ........................................................ ~ 543.14ms
  2026-09-03 18:35:53 /notifications/unread-count ............................................................ ~ 14 s
  2026-09-03 18:36:23 /notifications/unread-count ........................................................ ~ 514.09ms
  2026-09-03 18:36:23 /notifications/unread-count ............................................................ ~ 14 s
  2026-09-03 19:45:27 /notifications/unread-count ............................................................. ~ 1 s
  2026-09-03 19:45:29 /notifications/unread-count ............................................................ ~ 40 s
  2026-09-03 19:47:09 /notifications/unread-count ........................................................ ~ 513.76ms
  2026-09-03 19:47:10 /notifications/unread-count ............................................................ ~ 59 s
  2026-09-03 19:49:09 /notifications/unread-count ............................................................. ~ 1 s
  2026-09-03 19:49:09 /notifications/unread-count ............................................................ ~ 59 s
  2026-09-03 19:51:09 /notifications/unread-count ............................................................. ~ 1 s
  2026-09-03 19:51:10 /notifications/unread-count ............................................................ ~ 59 s
  2026-09-03 21:13:28 /notifications/unread-count ........................................................ ~ 516.09ms
  2026-09-03 21:13:29 /notifications/unread-count ............................................................ ~ 40 s
  2026-09-03 21:15:09 /notifications/unread-count ............................................................. ~ 1 s
  2026-09-03 21:15:10 /notifications/unread-count ............................................................ ~ 37 s
  2026-09-03 21:15:52 /notifications/unread-count ........................................................ ~ 529.26ms
  2026-09-03 21:15:53 /logout ................................................................................ ~ 14 s
  2026-09-03 21:16:07 / .................................................................................. ~ 505.18ms
  2026-09-03 21:16:08 /notifications/unread-count ........................................................ ~ 523.07ms
  2026-09-03 21:16:08 /login ............................................................................. ~ 622.18ms
  2026-09-03 21:16:09 /build/assets/app-CbJobcEP.css ...................................................... ~ 17.11ms
  2026-09-03 21:16:09 /build/assets/app-BlOeppPe.js ....................................................... ~ 19.79ms
  2026-09-03 21:16:09 /login ................................................................................. ~ 24 s
  2026-09-03 21:16:34 /admin .................................................................................. ~ 2 s
  2026-09-03 21:16:36 /build/assets/app-CbJobcEP.css ....................................................... ~ 0.27ms
  2026-09-03 21:16:37 /build/assets/app-BlOeppPe.js ........................................................ ~ 0.32ms
  2026-09-03 21:16:37 /favicon.png ......................................................................... ~ 4.74ms
  2026-09-03 21:16:37 /manifest.json ....................................................................... ~ 7.89ms
  2026-09-03 21:16:37 /icon-144.png ........................................................................ ~ 0.38ms
  2026-09-03 21:16:37 /admin/interventions ................................................................... ~ 14 s
  2026-09-03 21:16:37 /manifest.json ......................................................................... ~ 14 s
  2026-09-03 21:16:51 /build/assets/app-CbJobcEP.css ...................................................... ~ 19.98ms
  2026-09-03 21:16:51 /build/assets/app-BlOeppPe.js ....................................................... ~ 26.27ms
  2026-09-03 21:16:51 /favicon.png ........................................................................ ~ 29.06ms
  2026-09-03 21:16:52 /icon-144.png ........................................................................ ~ 0.36ms
  2026-09-03 21:16:52 /admin/intervention/22 .................................................................. ~ 6 s
  2026-09-03 21:16:59 /build/assets/app-CbJobcEP.css ....................................................... ~ 1.60ms
  2026-09-03 21:16:59 /build/assets/app-BlOeppPe.js ........................................................ ~ 5.31ms
  2026-09-03 21:16:59 /favicon.png ......................................................................... ~ 7.18ms
  2026-09-03 21:16:59 /manifest.json ....................................................................... ~ 8.88ms
  2026-09-03 21:16:59 /icon-144.png ........................................................................ ~ 0.32ms
  2026-09-03 21:16:59 /notifications/unread-count ............................................................ ~ 15 s
  2026-09-03 21:17:29 /notifications/unread-count .......................................................... ~ 0.50ms
  2026-09-03 21:17:30 /notifications/unread-count ............................................................ ~ 15 s
  2026-09-03 21:17:59 /notifications/unread-count ........................................................ ~ 524.41ms
  2026-09-03 21:16:59 .................................................................................. ~ 1 min 14 s
  2026-09-03 21:18:00 /admin/professionnels .................................................................. ~ 15 s
  2026-09-03 21:18:15 /notifications/unread-count ........................................................ ~ 525.02ms
  2026-09-03 21:18:16 /build/assets/app-CbJobcEP.css ....................................................... ~ 0.57ms
  2026-09-03 21:18:16 /build/assets/app-BlOeppPe.js ........................................................ ~ 2.32ms
  2026-09-03 21:18:16 /favicon.png ......................................................................... ~ 4.01ms
  2026-09-03 21:18:16 /manifest.json ....................................................................... ~ 6.58ms
  2026-09-03 21:18:16 /icon-144.png ........................................................................ ~ 0.32ms
  2026-09-03 21:18:16 /notifications/unread-count ............................................................ ~ 14 s
  2026-09-03 21:18:33 /admin/professionnel/10 ............................................................ ~ 512.49ms
  2026-09-03 21:18:33 /build/assets/app-CbJobcEP.css ....................................................... ~ 0.45ms
  2026-09-03 21:18:16 /manifest.json ......................................................................... ~ 17 s
  2026-09-03 21:18:34 /build/assets/app-BlOeppPe.js ....................................................... ~ 10.80ms
  2026-09-03 21:18:34 /favicon.png ........................................................................ ~ 13.10ms
  2026-09-03 21:18:34 /icon-144.png ........................................................................ ~ 0.36ms
  2026-09-03 21:18:34 /logout ................................................................................. ~ 5 s
  2026-09-03 21:18:40 / .................................................................................. ~ 534.70ms
  2026-09-03 21:18:40 /login ............................................................................. ~ 547.42ms
  2026-09-03 21:18:41 /build/assets/app-CbJobcEP.css ....................................................... ~ 0.65ms
  2026-09-03 21:18:41 /build/assets/app-BlOeppPe.js ........................................................ ~ 2.31ms
  2026-09-03 21:18:41 /login ................................................................................. ~ 43 s
  2026-09-03 21:19:24 /remorqueur ............................................................................. ~ 1 s
  2026-09-03 21:19:25 /build/assets/app-CbJobcEP.css ....................................................... ~ 0.22ms
  2026-09-03 21:19:25 /build/assets/app-BlOeppPe.js ........................................................ ~ 0.26ms
  2026-09-03 21:19:25 /favicon.png ......................................................................... ~ 1.67ms
  2026-09-03 21:19:25 /manifest.json ....................................................................... ~ 3.26ms
  2026-09-03 21:19:26 /icon-144.png ........................................................................ ~ 0.85ms
  2026-09-03 21:19:26 /remorqueur/intervention/2 .............................................................. ~ 9 s
  2026-09-03 21:19:26 /manifest.json .......................................................................... ~ 9 s
  2026-09-03 21:19:36 /build/assets/app-CbJobcEP.css ....................................................... ~ 0.77ms
  2026-09-03 21:19:36 /build/assets/app-BlOeppPe.js ........................................................ ~ 2.46ms
  2026-09-03 21:19:36 /favicon.png ......................................................................... ~ 6.13ms
  2026-09-03 21:19:36 /icon-144.png ........................................................................ ~ 0.20ms
  2026-09-03 21:19:36 /remorqueur/intervention/2/statut ...................................................... ~ 13 s
  2026-09-03 21:19:50 /remorqueur/intervention/2 ......................................................... ~ 519.15ms
  2026-09-03 21:19:50 /build/assets/app-CbJobcEP.css ....................................................... ~ 0.27ms
  2026-09-03 21:19:51 /build/assets/app-BlOeppPe.js ....................................................... ~ 17.01ms
  2026-09-03 21:19:51 /favicon.png ......................................................................... ~ 0.33ms
  2026-09-03 21:19:51 /manifest.json ....................................................................... ~ 2.85ms
  2026-09-03 21:19:51 /icon-144.png ....................................................................... ~ 17.03ms
  2026-09-03 21:19:51 /notifications/unread-count ............................................................ ~ 14 s
  2026-09-03 21:20:09 /notifications .......................................................................... ~ 1 s
  2026-09-03 21:20:10 /build/assets/app-CbJobcEP.css ....................................................... ~ 0.25ms
  2026-09-03 21:19:51 /manifest.json ......................................................................... ~ 19 s
  2026-09-03 21:20:10 /build/assets/app-BlOeppPe.js ....................................................... ~ 30.10ms
  2026-09-03 21:20:10 /favicon.png ........................................................................ ~ 32.78ms
  2026-09-03 21:20:11 /icon-144.png ....................................................................... ~ 13.98ms
  2026-09-03 21:20:11 /notifications/unread-count ............................................................ ~ 14 s
  2026-09-03 21:20:33 /remorqueur ........................................................................ ~ 500.80ms
  2026-09-03 21:20:34 /build/assets/app-CbJobcEP.css ....................................................... ~ 0.44ms
  2026-09-03 21:20:34 /build/assets/app-BlOeppPe.js ....................................................... ~ 23.64ms
  2026-09-03 21:20:34 /favicon.png ........................................................................ ~ 26.44ms
  2026-09-03 21:20:34 /manifest.json ...................................................................... ~ 28.79ms
  2026-09-03 21:20:34 /icon-144.png ........................................................................ ~ 0.30ms
  2026-09-03 21:20:34 /remorqueur/intervention/1 ............................................................. ~ 10 s
  2026-09-03 21:20:34 /manifest.json ......................................................................... ~ 11 s
  2026-09-03 21:20:45 /build/assets/app-CbJobcEP.css ....................................................... ~ 0.53ms
  2026-09-03 21:20:45 /build/assets/app-BlOeppPe.js ........................................................ ~ 3.79ms
  2026-09-03 21:20:45 /favicon.png ........................................................................ ~ 21.54ms
  2026-09-03 21:20:46 /icon-144.png ....................................................................... ~ 16.94ms
  2026-09-03 21:20:46 /remorqueur/intervention/1/statut ....................................................... ~ 5 s
  2026-09-03 21:20:52 /remorqueur/intervention/1 ......................................................... ~ 519.05ms
  2026-09-03 21:20:52 /build/assets/app-CbJobcEP.css ....................................................... ~ 0.26ms
  2026-09-03 21:20:53 /build/assets/app-BlOeppPe.js ....................................................... ~ 16.43ms
  2026-09-03 21:20:53 /favicon.png ........................................................................ ~ 19.77ms
  2026-09-03 21:20:53 /manifest.json ....................................................................... ~ 0.33ms
  2026-09-03 21:20:53 /icon-144.png ....................................................................... ~ 10.31ms
  2026-09-03 21:20:53 /remorqueur/intervention/1/statut ....................................................... ~ 8 s
  2026-09-03 21:21:02 /remorqueur/intervention/1 ......................................................... ~ 520.00ms
  2026-09-03 21:21:02 /build/assets/app-CbJobcEP.css ....................................................... ~ 0.91ms
  2026-09-03 21:20:53 /manifest.json .......................................................................... ~ 9 s
  2026-09-03 21:21:03 /build/assets/app-BlOeppPe.js ........................................................ ~ 0.49ms
  2026-09-03 21:21:03 /favicon.png ......................................................................... ~ 3.16ms
  2026-09-03 21:21:03 /icon-144.png ........................................................................ ~ 0.33ms
  2026-09-03 21:21:03 /remorqueur ............................................................................ ~ 11 s
  2026-09-03 21:21:15 /build/assets/app-CbJobcEP.css ...................................................... ~ 40.91ms
  2026-09-03 21:21:15 /build/assets/app-BlOeppPe.js ....................................................... ~ 42.40ms
  2026-09-03 21:21:15 /favicon.png ........................................................................ ~ 44.02ms
  2026-09-03 21:21:15 /manifest.json ....................................................................... ~ 3.41ms
  2026-09-03 21:21:15 /icon-144.png ........................................................................ ~ 0.22ms
  2026-09-03 21:21:16 /remorqueur/demandes .................................................................... ~ 7 s
  2026-09-03 21:21:15 /manifest.json .......................................................................... ~ 7 s
  2026-09-03 21:21:23 /build/assets/app-CbJobcEP.css ....................................................... ~ 0.67ms
  2026-09-03 21:21:23 /build/assets/app-BlOeppPe.js ........................................................ ~ 2.20ms
  2026-09-03 21:21:23 /favicon.png ......................................................................... ~ 3.74ms
  2026-09-03 21:21:23 /icon-144.png ....................................................................... ~ 23.54ms
  2026-09-03 21:21:23 /logout ................................................................................. ~ 7 s
  2026-09-03 21:21:31 / .................................................................................. ~ 522.00ms
  2026-09-03 21:21:31 /login ............................................................................. ~ 522.63ms
  2026-09-03 21:21:32 /build/assets/app-CbJobcEP.css ....................................................... ~ 0.29ms
  2026-09-03 21:21:32 /build/assets/app-BlOeppPe.js ........................................................ ~ 2.07ms
  2026-09-03 21:21:32 /login ................................................................................. ~ 22 s
  2026-09-03 21:21:54 /login ............................................................................. ~ 523.75ms
  2026-09-03 21:21:55 /build/assets/app-CbJobcEP.css ....................................................... ~ 0.36ms
  2026-09-03 21:21:55 /build/assets/app-BlOeppPe.js ....................................................... ~ 22.32ms
  2026-09-03 21:22:06 /login ............................................................................. ~ 501.45ms
  2026-09-03 21:22:06 /client ............................................................................ ~ 501.62ms
  2026-09-03 21:22:07 /build/assets/app-CbJobcEP.css ...................................................... ~ 12.50ms
  2026-09-03 21:22:07 /build/assets/app-BlOeppPe.js ....................................................... ~ 17.36ms
  2026-09-03 21:22:07 /favicon.png ........................................................................ ~ 19.87ms
  2026-09-03 21:22:07 /manifest.json ...................................................................... ~ 22.59ms
  2026-09-03 21:22:08 /icon-144.png ....................................................................... ~ 20.16ms
  2026-09-03 21:22:08 /client ................................................................................. ~ 8 s
  2026-09-03 21:22:08 /manifest.json .......................................................................... ~ 8 s
  2026-09-03 21:22:17 /build/assets/app-CbJobcEP.css ....................................................... ~ 0.63ms
  2026-09-03 21:22:17 /build/assets/app-BlOeppPe.js ........................................................ ~ 2.33ms
  2026-09-03 21:22:17 /favicon.png ......................................................................... ~ 4.00ms
  2026-09-03 21:22:17 /icon-144.png ........................................................................ ~ 0.24ms
  2026-09-03 21:22:17 /client/intervention/nouvelle ........................................................... ~ 6 s
  2026-09-03 21:22:24 /build/assets/app-CbJobcEP.css ....................................................... ~ 0.65ms
  2026-09-03 21:22:24 /build/assets/app-BlOeppPe.js ........................................................ ~ 2.31ms
  2026-09-03 21:22:24 /favicon.png ......................................................................... ~ 8.09ms
  2026-09-03 21:22:24 /manifest.json ...................................................................... ~ 11.11ms
  2026-09-03 21:22:24 /icon-144.png ........................................................................ ~ 0.22ms
  2026-09-03 21:22:39 /notifications/unread-count ........................................................ ~ 536.19ms
  2026-09-03 21:22:40 /notifications/unread-count ............................................................ ~ 14 s
  2026-09-03 21:23:09 /notifications/unread-count ........................................................ ~ 501.11ms
  2026-09-03 21:23:09 /notifications/unread-count ............................................................ ~ 14 s
  2026-09-03 21:22:24 ................................................................................... ~ 1 min 4 s
  2026-09-03 21:23:39 /notifications/unread-count ........................................................ ~ 500.44ms
  2026-09-03 21:23:40 /notifications/unread-count ............................................................ ~ 14 s
  2026-09-03 21:24:09 /notifications/unread-count ........................................................ ~ 507.33ms
  2026-09-03 21:24:10 /notifications/unread-count ............................................................ ~ 14 s
  2026-09-03 21:24:39 /notifications/unread-count ......................................................... ~ 16.73ms
  2026-09-03 21:24:40 /notifications/unread-count ............................................................ ~ 15 s
  2026-09-03 21:25:09 /notifications/unread-count ........................................................ ~ 517.68ms
  2026-09-03 21:25:09 /notifications/unread-count ............................................................ ~ 14 s
  2026-09-03 21:25:26 /notifications ..................................................................... ~ 517.67ms
  2026-09-03 21:25:27 /build/assets/app-CbJobcEP.css ....................................................... ~ 0.36ms
  2026-09-03 21:25:27 /build/assets/app-BlOeppPe.js ....................................................... ~ 21.41ms
  2026-09-03 21:25:27 /favicon.png ........................................................................ ~ 27.44ms
  2026-09-03 21:25:27 /manifest.json ...................................................................... ~ 31.60ms
  2026-09-03 21:25:27 /icon-144.png ....................................................................... ~ 16.36ms
  2026-09-03 21:25:28 /client/intervention/nouvelle ........................................................... ~ 9 s
  2026-09-03 21:25:27 /manifest.json .......................................................................... ~ 9 s
  2026-09-03 21:25:37 /build/assets/app-CbJobcEP.css ....................................................... ~ 1.36ms
  2026-09-03 21:25:37 /build/assets/app-BlOeppPe.js ....................................................... ~ 12.91ms
  2026-09-03 21:25:37 /favicon.png ........................................................................ ~ 25.11ms
  2026-09-03 21:25:37 /icon-144.png ....................................................................... ~ 16.94ms
  2026-09-03 21:25:37 /client ................................................................................. ~ 4 s
  2026-09-03 21:25:41 /build/assets/app-CbJobcEP.css ...................................................... ~ 29.84ms
  2026-09-03 21:25:41 /build/assets/app-BlOeppPe.js ....................................................... ~ 32.10ms
  2026-09-03 21:25:41 /favicon.png ........................................................................ ~ 34.72ms
  2026-09-03 21:25:41 /manifest.json ...................................................................... ~ 36.71ms
  2026-09-03 21:25:42 /icon-144.png ........................................................................ ~ 0.41ms
  2026-09-03 21:25:42 /logout ................................................................................. ~ 3 s
  2026-09-03 21:25:46 / .................................................................................. ~ 519.63ms
  2026-09-03 21:25:46 /login ............................................................................... ~ 0.63ms
  2026-09-03 21:25:47 /build/assets/app-CbJobcEP.css ....................................................... ~ 1.47ms
  2026-09-03 21:25:47 /build/assets/app-BlOeppPe.js ........................................................ ~ 5.44ms
  2026-09-03 21:25:47 /login ................................................................................. ~ 23 s
  2026-09-03 21:26:11 /admin ............................................................................. ~ 541.75ms
  2026-09-03 21:26:12 /build/assets/app-CbJobcEP.css ....................................................... ~ 0.30ms
  2026-09-03 21:25:42 /manifest.json ......................................................................... ~ 30 s
  2026-09-03 21:26:12 /build/assets/app-BlOeppPe.js ....................................................... ~ 46.73ms
  2026-09-03 21:26:12 /favicon.png ........................................................................ ~ 49.16ms
  2026-09-03 21:26:13 /icon-144.png ........................................................................ ~ 0.29ms
  2026-09-03 21:26:13 /admin/statistiques ..................................................................... ~ 4 s
  2026-09-03 21:26:18 /build/assets/app-CbJobcEP.css ...................................................... ~ 16.11ms
  2026-09-03 21:26:18 /build/assets/app-BlOeppPe.js ....................................................... ~ 21.17ms
  2026-09-03 21:26:18 /favicon.png ........................................................................ ~ 23.63ms
  2026-09-03 21:26:18 /manifest.json ...................................................................... ~ 25.71ms
  2026-09-03 21:26:18 /icon-144.png ........................................................................ ~ 0.29ms
  2026-09-03 21:26:18 /notifications/unread-count ............................................................ ~ 15 s
  2026-09-03 21:26:48 /notifications/unread-count ........................................................ ~ 500.46ms
  2026-09-03 21:26:49 /notifications .......................................................................... ~ 1 s
  2026-09-03 21:26:18 /manifest.json ......................................................................... ~ 31 s
  2026-09-03 21:26:50 /build/assets/app-CbJobcEP.css ...................................................... ~ 24.01ms
  2026-09-03 21:26:50 /build/assets/app-BlOeppPe.js ....................................................... ~ 25.73ms
  2026-09-03 21:26:50 /favicon.png ......................................................................... ~ 1.65ms
  2026-09-03 21:26:50 /icon-144.png ........................................................................ ~ 0.20ms
  2026-09-03 21:26:50 /notifications/mark-all-read ............................................................ ~ 4 s
  2026-09-03 21:26:54 /notifications ..................................................................... ~ 514.36ms
  2026-09-03 21:26:55 /build/assets/app-CbJobcEP.css ....................................................... ~ 0.27ms
  2026-09-03 21:26:55 /build/assets/app-BlOeppPe.js ........................................................ ~ 0.44ms
  2026-09-03 21:26:55 /favicon.png ......................................................................... ~ 3.91ms
  2026-09-03 21:26:55 /manifest.json ...................................................................... ~ 10.73ms
  2026-09-03 21:26:56 /icon-144.png ....................................................................... ~ 29.32ms
  2026-09-03 21:26:56 /admin .................................................................................. ~ 7 s
  2026-09-03 21:26:56 /manifest.json .......................................................................... ~ 7 s
  2026-09-03 21:27:03 /build/assets/app-CbJobcEP.css ....................................................... ~ 0.28ms
  2026-09-03 21:27:03 /build/assets/app-BlOeppPe.js ........................................................ ~ 1.79ms
  2026-09-03 21:27:03 /favicon.png ......................................................................... ~ 3.34ms
  2026-09-03 21:27:03 /icon-144.png ....................................................................... ~ 34.46ms
  2026-09-03 21:27:03 /admin/interventions .................................................................... ~ 5 s
  2026-09-03 21:27:09 /build/assets/app-CbJobcEP.css ...................................................... ~ 14.57ms
  2026-09-03 21:27:09 /build/assets/app-BlOeppPe.js ....................................................... ~ 16.45ms
  2026-09-03 21:27:09 /favicon.png ........................................................................ ~ 18.51ms
  2026-09-03 21:27:09 /manifest.json ...................................................................... ~ 20.74ms
  2026-09-03 21:27:09 /icon-144.png ........................................................................ ~ 0.22ms
  2026-09-03 21:27:10 /admin/intervention/23 .................................................................. ~ 3 s
  2026-09-03 21:27:09 /manifest.json .......................................................................... ~ 3 s
  2026-09-03 21:27:13 /build/assets/app-CbJobcEP.css ...................................................... ~ 31.39ms
  2026-09-03 21:27:13 /build/assets/app-BlOeppPe.js ....................................................... ~ 38.69ms
  2026-09-03 21:27:13 /favicon.png ........................................................................ ~ 43.18ms
  2026-09-03 21:27:13 /icon-144.png ........................................................................ ~ 0.48ms
  2026-09-03 21:27:13 /logout ................................................................................ ~ 13 s
  2026-09-03 21:27:27 / .................................................................................. ~ 531.02ms
  2026-09-03 21:27:27 /login ............................................................................. ~ 517.41ms
  2026-09-03 21:27:28 /build/assets/app-CbJobcEP.css ...................................................... ~ 19.92ms
  2026-09-03 21:27:28 /build/assets/app-BlOeppPe.js ....................................................... ~ 21.68ms
  2026-09-03 21:27:28 /login ................................................................................. ~ 19 s
  2026-09-03 21:27:48 /client ............................................................................ ~ 501.12ms
  2026-09-03 21:27:49 /build/assets/app-CbJobcEP.css ....................................................... ~ 0.29ms
  2026-09-03 21:27:49 /build/assets/app-BlOeppPe.js ....................................................... ~ 17.94ms
  2026-09-03 21:27:49 /favicon.png ........................................................................ ~ 21.23ms
  2026-09-03 21:27:49 /manifest.json ...................................................................... ~ 24.63ms
  2026-09-03 21:27:49 /icon-144.png ........................................................................ ~ 0.42ms
  2026-09-03 21:27:50 /client/intervention/23 ................................................................. ~ 7 s
  2026-09-03 21:27:49 /manifest.json .......................................................................... ~ 8 s
  2026-09-03 21:27:57 /build/assets/app-CbJobcEP.css ....................................................... ~ 1.61ms
  2026-09-03 21:27:57 /build/assets/app-BlOeppPe.js ........................................................ ~ 8.39ms
  2026-09-03 21:27:57 /favicon.png ........................................................................ ~ 13.46ms
  2026-09-03 21:27:58 /icon-144.png ....................................................................... ~ 34.83ms
  2026-09-03 21:27:58 /client/intervention/23/annuler ........................................................ ~ 16 s
  2026-09-03 21:28:14 /notifications/unread-count ........................................................ ~ 501.19ms
  2026-09-03 21:28:14 /client/interventions .............................................................. ~ 518.92ms
  2026-09-03 21:28:15 /build/assets/app-CbJobcEP.css ..................................................... ~ 501.94ms
  2026-09-03 21:28:15 /build/assets/app-BlOeppPe.js ........................................................ ~ 2.75ms
  2026-09-03 21:28:15 /favicon.png ......................................................................... ~ 5.18ms
  2026-09-03 21:28:15 /manifest.json ....................................................................... ~ 8.13ms
  2026-09-03 21:28:15 /icon-144.png ........................................................................ ~ 0.44ms
  2026-09-03 21:28:16 /logout ................................................................................. ~ 5 s
  2026-09-03 21:28:21 / .................................................................................. ~ 501.40ms
  2026-09-03 21:28:22 /login ............................................................................. ~ 520.35ms
  2026-09-03 21:28:23 /build/assets/app-CbJobcEP.css ...................................................... ~ 17.01ms
  2026-09-03 21:28:23 /build/assets/app-BlOeppPe.js ....................................................... ~ 19.36ms
  2026-09-03 21:28:23 /login ................................................................................. ~ 16 s
  2026-09-03 21:28:39 /admin ............................................................................. ~ 500.89ms
  2026-09-03 21:28:40 /build/assets/app-CbJobcEP.css ....................................................... ~ 0.21ms
  2026-09-03 21:28:15 /manifest.json ......................................................................... ~ 24 s
  2026-09-03 21:28:40 /build/assets/app-BlOeppPe.js ....................................................... ~ 22.42ms
  2026-09-03 21:28:40 /favicon.png ......................................................................... ~ 0.20ms
  2026-09-03 21:28:41 /icon-144.png ........................................................................ ~ 0.20ms
  2026-09-03 21:28:41 /admin/statistiques ..................................................................... ~ 6 s
  2026-09-03 21:28:48 /build/assets/app-CbJobcEP.css ....................................................... ~ 0.37ms
  2026-09-03 21:28:48 /build/assets/app-BlOeppPe.js ........................................................ ~ 1.71ms
  2026-09-03 21:28:48 /favicon.png ......................................................................... ~ 3.03ms
  2026-09-03 21:28:48 /manifest.json ....................................................................... ~ 4.59ms
  2026-09-03 21:28:48 /icon-144.png ....................................................................... ~ 61.41ms
  2026-09-03 21:28:49 /admin ................................................................................. ~ 11 s
  2026-09-03 21:28:48 /manifest.json ......................................................................... ~ 11 s
  2026-09-03 21:29:00 /build/assets/app-CbJobcEP.css ....................................................... ~ 0.43ms
  2026-09-03 21:29:00 /build/assets/app-BlOeppPe.js ........................................................ ~ 2.54ms
  2026-09-03 21:29:00 /favicon.png ......................................................................... ~ 3.87ms
  2026-09-03 21:29:00 /icon-144.png ........................................................................ ~ 0.31ms
  2026-09-03 21:29:00 /admin/interventions .................................................................... ~ 3 s
  2026-09-03 21:29:04 /build/assets/app-CbJobcEP.css ....................................................... ~ 0.39ms
  2026-09-03 21:29:04 /build/assets/app-BlOeppPe.js ........................................................ ~ 1.79ms
  2026-09-03 21:29:04 /favicon.png ......................................................................... ~ 3.21ms
  2026-09-03 21:29:04 /manifest.json ....................................................................... ~ 4.70ms
  2026-09-03 21:29:04 /icon-144.png ........................................................................ ~ 0.22ms
  2026-09-03 21:29:04 /admin/intervention/23 .................................................................. ~ 4 s
  2026-09-03 21:29:04 /manifest.json .......................................................................... ~ 4 s
  2026-09-03 21:29:09 /build/assets/app-CbJobcEP.css ...................................................... ~ 23.90ms
  2026-09-03 21:29:09 /build/assets/app-BlOeppPe.js ....................................................... ~ 25.73ms
  2026-09-03 21:29:09 /favicon.png ........................................................................ ~ 27.42ms
  2026-09-03 21:29:09 /icon-144.png ........................................................................ ~ 0.25ms
  2026-09-03 21:29:09 /admin/interventions .................................................................... ~ 6 s
  2026-09-03 21:29:16 /build/assets/app-CbJobcEP.css ....................................................... ~ 0.25ms
  2026-09-03 21:29:16 /build/assets/app-BlOeppPe.js ........................................................ ~ 1.48ms
  2026-09-03 21:29:16 /favicon.png ......................................................................... ~ 3.60ms
  2026-09-03 21:29:16 /manifest.json ....................................................................... ~ 7.12ms
  2026-09-03 21:29:16 /icon-144.png ....................................................................... ~ 26.31ms
  2026-09-03 21:29:16 /admin .................................................................................. ~ 2 s
  2026-09-03 21:29:16 /manifest.json .......................................................................... ~ 2 s
  2026-09-03 21:29:19 /build/assets/app-CbJobcEP.css ....................................................... ~ 0.66ms
  2026-09-03 21:29:19 /build/assets/app-BlOeppPe.js ........................................................ ~ 4.77ms
  2026-09-03 21:29:19 /favicon.png ......................................................................... ~ 9.49ms
  2026-09-03 21:29:19 /icon-144.png ........................................................................ ~ 0.38ms
  2026-09-03 21:29:19 /admin/clients .......................................................................... ~ 6 s
  2026-09-03 21:29:26 /build/assets/app-CbJobcEP.css ...................................................... ~ 23.92ms
  2026-09-03 21:29:26 /build/assets/app-BlOeppPe.js ....................................................... ~ 25.42ms
  2026-09-03 21:29:26 /favicon.png ........................................................................ ~ 26.72ms
  2026-09-03 21:29:26 /manifest.json ....................................................................... ~ 3.32ms
  2026-09-03 21:29:26 /icon-144.png ........................................................................ ~ 0.20ms
  2026-09-03 21:29:26 /notifications/unread-count ............................................................ ~ 15 s
  2026-09-03 21:29:41 /logout ............................................................................ ~ 511.71ms
  2026-09-03 21:29:42 / .................................................................................. ~ 508.62ms
  2026-09-03 21:29:43 /login ............................................................................. ~ 503.00ms
  2026-09-03 21:29:43 /build/assets/app-CbJobcEP.css ....................................................... ~ 0.45ms
  2026-09-03 21:29:43 /build/assets/app-BlOeppPe.js ........................................................ ~ 3.32ms
  2026-09-03 21:29:26 .................................................................................. ~ 1 min 10 s
  2026-09-03 21:29:44 /login ................................................................................. ~ 53 s
  2026-09-03 21:30:38 /depanneur .............................................................................. ~ 3 s
  2026-09-03 21:30:41 /build/assets/app-CbJobcEP.css ....................................................... ~ 0.23ms
  2026-09-03 21:30:41 /build/assets/app-BlOeppPe.js ........................................................ ~ 0.34ms
  2026-09-03 21:30:41 /favicon.png ......................................................................... ~ 1.87ms
  2026-09-03 21:30:41 /manifest.json ....................................................................... ~ 4.26ms
  2026-09-03 21:30:41 /icon-144.png ....................................................................... ~ 14.44ms
  2026-09-03 21:30:42 /depanneur/intervention/7 ............................................................... ~ 8 s
  2026-09-03 21:30:41 /manifest.json .......................................................................... ~ 8 s
  2026-09-03 21:30:50 /build/assets/app-CbJobcEP.css ...................................................... ~ 18.25ms
  2026-09-03 21:30:50 /build/assets/app-BlOeppPe.js ....................................................... ~ 33.95ms
  2026-09-03 21:30:50 /favicon.png ........................................................................ ~ 39.30ms
  2026-09-03 21:30:51 /icon-144.png ........................................................................ ~ 0.56ms
  2026-09-03 21:30:51 /notifications/unread-count ............................................................ ~ 15 s
  2026-09-03 21:31:09 /logout ............................................................................ ~ 501.02ms
  2026-09-03 21:31:10 / .................................................................................. ~ 529.12ms
  2026-09-03 21:31:10 /login ............................................................................. ~ 534.50ms
  2026-09-03 21:31:11 /build/assets/app-CbJobcEP.css ....................................................... ~ 1.76ms
  2026-09-03 21:31:11 /build/assets/app-BlOeppPe.js ........................................................ ~ 0.37ms
  2026-09-03 21:31:33 /login .................................................................................. ~ 1 s
  2026-09-03 21:31:34 /client ............................................................................ ~ 528.45ms
  2026-09-03 21:31:35 /build/assets/app-CbJobcEP.css ....................................................... ~ 0.56ms
  2026-09-03 21:31:35 /build/assets/app-BlOeppPe.js ........................................................ ~ 2.31ms
  2026-09-03 21:31:35 /favicon.png ......................................................................... ~ 3.65ms
  2026-09-03 21:31:35 /manifest.json ....................................................................... ~ 5.08ms
  2026-09-03 21:31:35 /icon-144.png ........................................................................ ~ 0.19ms
  2026-09-03 21:31:35 /notifications/unread-count ............................................................ ~ 15 s
  2026-09-03 21:31:53 /client/intervention/21 ............................................................ ~ 520.08ms
  2026-09-03 21:31:53 /build/assets/app-CbJobcEP.css ....................................................... ~ 0.21ms
  2026-09-03 21:31:35 /manifest.json ......................................................................... ~ 18 s
  2026-09-03 21:31:54 /build/assets/app-BlOeppPe.js ....................................................... ~ 16.91ms
  2026-09-03 21:31:54 /favicon.png ........................................................................ ~ 18.43ms
  2026-09-03 21:31:54 /icon-144.png ....................................................................... ~ 36.02ms
  2026-09-03 21:31:54 /logout ................................................................................ ~ 11 s
  2026-09-03 21:32:06 / .................................................................................. ~ 502.01ms
  2026-09-03 21:32:07 /login ............................................................................... ~ 0.19ms
  2026-09-03 21:32:07 /build/assets/app-CbJobcEP.css ...................................................... ~ 20.64ms
  2026-09-03 21:32:07 /build/assets/app-BlOeppPe.js ....................................................... ~ 23.70ms
  2026-09-03 21:32:08 /login ................................................................................. ~ 22 s
  2026-09-03 21:32:31 /depanneur ......................................................................... ~ 506.07ms
  2026-09-03 21:32:31 /build/assets/app-CbJobcEP.css ....................................................... ~ 0.33ms
  2026-09-03 21:32:32 /build/assets/app-BlOeppPe.js ........................................................ ~ 0.60ms
  2026-09-03 21:32:32 /favicon.png ......................................................................... ~ 4.36ms
  2026-09-03 21:32:32 /manifest.json ....................................................................... ~ 9.31ms
  2026-09-03 21:32:32 /icon-144.png ....................................................................... ~ 40.93ms
  2026-09-03 21:32:32 /depanneur/intervention/7 ............................................................... ~ 4 s
  2026-09-03 21:32:32 /manifest.json .......................................................................... ~ 4 s
  2026-09-03 21:32:37 /build/assets/app-CbJobcEP.css ...................................................... ~ 26.78ms
  2026-09-03 21:32:37 /build/assets/app-BlOeppPe.js ....................................................... ~ 29.33ms
  2026-09-03 21:32:37 /favicon.png ........................................................................ ~ 31.86ms
  2026-09-03 21:32:37 /icon-144.png ........................................................................ ~ 0.74ms
  2026-09-03 21:32:37 /depanneur/intervention/7/statut ....................................................... ~ 11 s
  2026-09-03 21:32:49 /depanneur/intervention/7 .......................................................... ~ 527.90ms
  2026-09-03 21:32:50 /build/assets/app-CbJobcEP.css ....................................................... ~ 0.46ms
  2026-09-03 21:32:50 /build/assets/app-BlOeppPe.js ....................................................... ~ 17.36ms
  2026-09-03 21:32:50 /favicon.png ........................................................................ ~ 19.20ms
  2026-09-03 21:32:50 /manifest.json ...................................................................... ~ 20.98ms
  2026-09-03 21:32:51 /icon-144.png ....................................................................... ~ 29.55ms
  2026-09-03 21:32:51 /notifications ......................................................................... ~ 13 s
  2026-09-03 21:32:51 /manifest.json ......................................................................... ~ 13 s
  2026-09-03 21:33:04 /build/assets/app-CbJobcEP.css ....................................................... ~ 0.41ms
  2026-09-03 21:33:04 /build/assets/app-BlOeppPe.js ........................................................ ~ 2.08ms
  2026-09-03 21:33:04 /favicon.png ......................................................................... ~ 3.76ms
  2026-09-03 21:33:05 /icon-144.png ....................................................................... ~ 33.70ms
  2026-09-03 21:33:05 /notifications/mark-all-read ........................................................... ~ 11 s
  2026-09-03 21:33:16 /notifications ..................................................................... ~ 539.64ms
  2026-09-03 21:33:17 /build/assets/app-CbJobcEP.css ..................................................... ~ 539.21ms
  2026-09-03 21:33:17 /build/assets/app-BlOeppPe.js ........................................................ ~ 0.55ms
  2026-09-03 21:33:17 /favicon.png ......................................................................... ~ 4.10ms
  2026-09-03 21:33:17 /manifest.json ....................................................................... ~ 7.63ms
  2026-09-03 21:33:17 /icon-144.png ....................................................................... ~ 16.90ms
  2026-09-03 21:33:18 /logout ................................................................................. ~ 5 s
  2026-09-03 21:33:24 / .................................................................................. ~ 500.49ms
  2026-09-03 21:33:24 /login ............................................................................. ~ 520.57ms
  2026-09-03 21:33:25 /build/assets/app-CbJobcEP.css ....................................................... ~ 2.48ms
  2026-09-03 21:33:25 /build/assets/app-BlOeppPe.js ....................................................... ~ 35.90ms
  2026-09-03 21:33:25 /login ................................................................................. ~ 13 s
  2026-09-03 21:33:39 /client ............................................................................ ~ 562.88ms
  2026-09-03 21:33:40 /build/assets/app-CbJobcEP.css ....................................................... ~ 0.25ms
  2026-09-03 21:33:17 /manifest.json ......................................................................... ~ 22 s
  2026-09-03 21:33:40 /build/assets/app-BlOeppPe.js ........................................................ ~ 0.34ms
  2026-09-03 21:33:40 /favicon.png ....................................................................... ~ 110.61ms
  2026-09-03 21:33:41 /icon-144.png ....................................................................... ~ 38.88ms
  2026-09-03 21:33:41 /client/intervention/21 ................................................................ ~ 10 s
  2026-09-03 21:33:52 /build/assets/app-CbJobcEP.css ...................................................... ~ 20.18ms
  2026-09-03 21:33:52 /build/assets/app-BlOeppPe.js ....................................................... ~ 22.02ms
  2026-09-03 21:33:52 /favicon.png ........................................................................ ~ 24.29ms
  2026-09-03 21:33:52 /manifest.json ...................................................................... ~ 32.97ms
  2026-09-03 21:33:52 /icon-144.png ....................................................................... ~ 18.93ms
  2026-09-03 21:33:52 /notifications/unread-count ............................................................ ~ 15 s
  2026-09-03 21:34:22 /notifications/unread-count ......................................................... ~ 26.13ms
  2026-09-03 21:34:22 /notifications/unread-count ............................................................ ~ 15 s
  2026-09-03 21:34:52 /notifications/unread-count ........................................................ ~ 523.82ms
  2026-09-03 21:33:52 .................................................................................. ~ 1 min 14 s
  2026-09-03 21:34:52 /notifications/unread-count ............................................................ ~ 15 s
  2026-09-03 21:35:22 /notifications/unread-count ........................................................ ~ 529.59ms
  2026-09-03 21:35:22 /client/intervention/21/annuler ......................................................... ~ 6 s
  2026-09-03 21:35:29 /client/interventions .............................................................. ~ 544.17ms
  2026-09-03 21:35:29 /build/assets/app-CbJobcEP.css ....................................................... ~ 0.28ms
  2026-09-03 21:35:30 /build/assets/app-BlOeppPe.js ....................................................... ~ 11.65ms
  2026-09-03 21:35:30 /favicon.png ........................................................................ ~ 14.83ms
  2026-09-03 21:35:30 /manifest.json ...................................................................... ~ 17.86ms
  2026-09-03 21:35:30 /icon-144.png ........................................................................ ~ 0.62ms
  2026-09-03 21:35:31 /logout ................................................................................. ~ 7 s
  2026-09-03 21:35:38 / .................................................................................. ~ 500.22ms
  2026-09-03 21:35:39 /login ............................................................................. ~ 530.47ms
  2026-09-03 21:35:39 /build/assets/app-CbJobcEP.css ...................................................... ~ 18.99ms
  2026-09-03 21:35:39 /build/assets/app-BlOeppPe.js ....................................................... ~ 20.62ms
  2026-09-03 21:35:40 /login ................................................................................. ~ 16 s
  2026-09-03 21:35:57 /depanneur ......................................................................... ~ 501.44ms
  2026-09-03 21:35:57 /build/assets/app-CbJobcEP.css ....................................................... ~ 0.40ms
  2026-09-03 21:35:30 /manifest.json ......................................................................... ~ 27 s
  2026-09-03 21:35:58 /build/assets/app-BlOeppPe.js ....................................................... ~ 26.90ms
  2026-09-03 21:35:58 /favicon.png ........................................................................ ~ 29.75ms
  2026-09-03 21:35:58 /icon-144.png ........................................................................ ~ 0.38ms
  2026-09-03 21:35:58 /depanneur/demandes .................................................................... ~ 14 s
  2026-09-03 21:36:12 /build/assets/app-CbJobcEP.css ....................................................... ~ 0.22ms
  2026-09-03 21:36:12 /build/assets/app-BlOeppPe.js ........................................................ ~ 1.61ms
  2026-09-03 21:36:12 /favicon.png ......................................................................... ~ 1.71ms
  2026-09-03 21:36:12 /manifest.json ....................................................................... ~ 6.50ms
  2026-09-03 21:36:13 /icon-144.png ....................................................................... ~ 21.96ms
  2026-09-03 21:36:13 /depanneur/interventions ................................................................ ~ 3 s
  2026-09-03 21:36:13 /manifest.json .......................................................................... ~ 3 s
  2026-09-03 21:36:16 /build/assets/app-CbJobcEP.css ...................................................... ~ 19.58ms
  2026-09-03 21:36:16 /build/assets/app-BlOeppPe.js ....................................................... ~ 23.61ms
  2026-09-03 21:36:16 /favicon.png ........................................................................ ~ 26.48ms
  2026-09-03 21:36:16 /icon-144.png ........................................................................ ~ 0.46ms
  2026-09-03 21:36:17 /notifications/unread-count ............................................................ ~ 15 s
  2026-09-03 21:36:47 /notifications/unread-count ........................................................ ~ 501.35ms
  2026-09-03 21:36:47 /notifications/unread-count ............................................................ ~ 14 s
  2026-09-03 21:37:17 /notifications/unread-count ........................................................ ~ 513.44ms
  2026-09-03 21:37:17 /notifications/unread-count ............................................................ ~ 14 s
  2026-09-03 21:37:47 /notifications/unread-count ........................................................ ~ 501.29ms
  2026-09-03 21:37:47 /notifications/unread-count ............................................................ ~ 15 s
  2026-09-03 21:38:17 /notifications/unread-count ............................................................. ~ 1 s
  2026-09-03 21:38:17 /notifications/unread-count ............................................................ ~ 14 s
  2026-09-03 21:38:47 /notifications/unread-count ........................................................ ~ 501.11ms
  2026-09-03 21:38:47 /notifications/unread-count ............................................................ ~ 15 s
  2026-09-03 21:39:17 /notifications/unread-count ........................................................ ~ 502.23ms
  2026-09-03 21:39:17 /notifications/unread-count ............................................................ ~ 15 s
  2026-09-03 21:39:47 /notifications/unread-count ........................................................ ~ 522.78ms
  2026-09-03 21:39:47 /notifications/unread-count ............................................................ ~ 15 s
  2026-09-03 21:40:17 /notifications/unread-count ............................................................. ~ 1 s
  2026-09-03 21:40:17 /notifications/unread-count ............................................................ ~ 15 s
  2026-09-03 21:40:47 /notifications/unread-count ............................................................. ~ 1 s
  2026-09-03 21:40:48 /notifications/unread-count ............................................................ ~ 14 s
  2026-09-03 21:41:17 /notifications/unread-count ............................................................. ~ 1 s
  2026-09-03 21:41:18 /notifications/unread-count ............................................................ ~ 14 s
  2026-09-03 21:41:47 /notifications/unread-count ........................................................ ~ 500.83ms
  2026-09-03 21:41:48 /notifications/unread-count ............................................................ ~ 14 s
  2026-09-03 21:42:17 /notifications/unread-count ............................................................. ~ 1 s
  2026-09-03 21:42:17 /notifications/unread-count ............................................................ ~ 15 s
  2026-09-03 21:42:47 /notifications/unread-count ............................................................. ~ 1 s
  2026-09-03 21:42:48 /notifications/unread-count ............................................................ ~ 14 s
  2026-09-03 21:43:17 /notifications/unread-count ............................................................. ~ 1 s
  2026-09-03 21:43:18 /notifications/unread-count ............................................................ ~ 14 s
  2026-09-03 21:44:09 /notifications/unread-count ............................................................. ~ 1 s
  2026-09-03 21:44:10 /notifications/unread-count ............................................................ ~ 20 s
  2026-09-03 21:44:32 /notifications/unread-count ............................................................. ~ 1 s
  2026-09-03 21:44:33 /notifications/unread-count ............................................................ ~ 14 s
  2026-09-03 21:45:02 /notifications/unread-count ............................................................. ~ 1 s
  2026-09-03 21:45:03 /notifications/unread-count ............................................................ ~ 14 s
  2026-09-03 21:45:32 /notifications/unread-count ............................................................. ~ 1 s
  2026-09-03 21:45:33 /notifications/unread-count ............................................................ ~ 36 s
  2026-09-03 21:47:09 /notifications/unread-count ............................................................. ~ 1 s
  2026-09-03 21:47:10 /notifications/unread-count ............................................................ ~ 59 s
  2026-09-03 21:49:09 /notifications/unread-count ............................................................. ~ 1 s
  2026-09-03 21:49:10 /notifications/unread-count ............................................................ ~ 59 s
  2026-09-03 21:51:09 /notifications/unread-count ............................................................. ~ 1 s
  2026-09-03 21:51:10 /notifications/unread-count ........................................................... ~ 1 min
  2026-09-03 21:53:09 /notifications/unread-count ............................................................. ~ 1 s
  2026-09-03 21:53:10 /notifications/unread-count ............................................................ ~ 59 s
  2026-09-03 21:55:09 /notifications/unread-count ............................................................. ~ 1 s
  2026-09-03 21:55:10 /notifications/unread-count ............................................................ ~ 59 s
  2026-09-03 21:57:09 /notifications/unread-count ............................................................. ~ 1 s
  2026-09-03 21:57:10 /notifications/unread-count ............................................................ ~ 59 s
  2026-09-03 21:59:09 /notifications/unread-count ............................................................. ~ 1 s
  2026-09-03 21:59:10 /notifications/unread-count ............................................................ ~ 59 s
  2026-09-03 22:01:09 /notifications/unread-count ........................................................ ~ 502.55ms
  2026-09-03 22:01:10 /notifications/unread-count ........................................................... ~ 1 min
  2026-09-03 22:03:09 /notifications/unread-count ............................................................. ~ 1 s
  2026-09-03 22:03:10 /notifications/unread-count ............................................................ ~ 59 s
  2026-09-03 22:05:03 /notifications/unread-count ........................................................ ~ 501.98ms
  2026-09-03 22:05:04 /notifications/unread-count ............................................................ ~ 13 s
  2026-09-03 22:05:32 /notifications/unread-count ............................................................. ~ 1 s
  2026-09-03 22:05:33 /notifications/unread-count ............................................................ ~ 14 s
  2026-09-03 22:06:02 /notifications/unread-count ............................................................. ~ 1 s
  2026-09-03 22:06:03 /notifications/unread-count ............................................................ ~ 14 s
  2026-09-03 22:06:32 /notifications/unread-count ............................................................. ~ 1 s
  2026-09-03 22:06:32 /notifications/unread-count ............................................................ ~ 15 s
  2026-09-03 22:07:02 /notifications/unread-count ............................................................. ~ 1 s
  2026-09-03 22:07:03 /notifications/unread-count ............................................................ ~ 15 s
  2026-09-03 22:07:32 /notifications/unread-count ............................................................. ~ 1 s
  2026-09-03 22:07:33 /notifications/unread-count ............................................................ ~ 14 s
  2026-09-03 22:08:02 /notifications/unread-count ............................................................. ~ 1 s
  2026-09-03 22:08:03 /notifications/unread-count ............................................................ ~ 14 s
  2026-09-03 22:08:32 /notifications/unread-count ............................................................. ~ 1 s
  2026-09-03 22:08:33 /notifications/unread-count ............................................................ ~ 14 s
  2026-09-03 22:09:02 /notifications/unread-count ............................................................. ~ 1 s
  2026-09-03 22:09:03 /notifications/unread-count ............................................................ ~ 14 s
  2026-09-03 22:09:32 /notifications/unread-count ............................................................. ~ 1 s
  2026-09-03 22:09:33 /notifications/unread-count ............................................................ ~ 14 s
  2026-09-03 22:10:02 /notifications/unread-count ............................................................. ~ 1 s
  2026-09-03 22:10:02 /notifications/unread-count ............................................................ ~ 14 s
  2026-09-03 22:10:32 /notifications/unread-count ............................................................. ~ 1 s
  2026-09-03 22:10:33 /notifications/unread-count ............................................................ ~ 14 s
  2026-09-03 22:11:02 /notifications/unread-count ............................................................. ~ 1 s
  2026-09-03 22:11:03 /notifications/unread-count ............................................................ ~ 14 s
  2026-09-03 22:11:32 /notifications/unread-count ............................................................. ~ 1 s
  2026-09-03 22:11:33 /notifications/unread-count ............................................................ ~ 14 s
  2026-09-03 22:12:02 /notifications/unread-count ............................................................. ~ 1 s
  2026-09-03 22:12:03 /notifications/unread-count ............................................................ ~ 14 s
  2026-09-03 22:12:32 /notifications/unread-count ............................................................. ~ 1 s
  2026-09-03 22:12:32 /notifications/unread-count ............................................................ ~ 14 s
  2026-09-03 22:13:02 /notifications/unread-count ............................................................. ~ 1 s
  2026-09-03 22:13:03 /notifications/unread-count ............................................................ ~ 14 s
  2026-09-03 22:13:32 /notifications/unread-count ........................................................ ~ 505.79ms
  2026-09-03 22:13:33 /notifications/unread-count ............................................................ ~ 15 s
  2026-09-03 22:14:02 /notifications/unread-count ............................................................. ~ 1 s
  2026-09-03 22:14:03 /notifications/unread-count ............................................................ ~ 15 s
  2026-09-03 22:14:32 /notifications/unread-count ............................................................. ~ 1 s
  2026-09-03 22:14:32 /notifications/unread-count ............................................................ ~ 14 s
  2026-09-03 22:15:02 /notifications/unread-count ............................................................. ~ 1 s
  2026-09-03 22:15:03 /notifications/unread-count ............................................................ ~ 14 s
  2026-09-03 22:15:32 /notifications/unread-count ............................................................. ~ 1 s
  2026-09-03 22:15:33 /notifications/unread-count ............................................................ ~ 15 s
  2026-09-03 22:16:02 /notifications/unread-count ............................................................. ~ 1 s
  2026-09-03 22:16:02 /notifications/unread-count ............................................................ ~ 15 s
  2026-09-03 22:16:32 /notifications/unread-count ........................................................ ~ 501.17ms
  2026-09-03 22:16:32 /notifications/unread-count ............................................................ ~ 15 s
  2026-09-03 22:17:02 /notifications/unread-count ........................................................ ~ 518.63ms
  2026-09-03 22:17:02 /notifications/unread-count ............................................................ ~ 15 s
  2026-09-03 22:17:32 /notifications/unread-count ............................................................. ~ 1 s
  2026-09-03 22:17:33 /notifications/unread-count ............................................................ ~ 15 s
  2026-09-03 22:18:02 /notifications/unread-count ............................................................. ~ 1 s
  2026-09-03 22:18:02 /notifications/unread-count ............................................................ ~ 14 s
  2026-09-03 22:18:32 /notifications/unread-count ............................................................. ~ 1 s
  2026-09-03 22:18:33 /notifications/unread-count ............................................................ ~ 14 s
  2026-09-03 22:19:02 /notifications/unread-count ............................................................. ~ 1 s
  2026-09-03 22:19:02 /notifications/unread-count ............................................................ ~ 15 s
  2026-09-03 22:19:32 /notifications/unread-count ............................................................. ~ 1 s
  2026-09-03 22:19:33 /notifications/unread-count ............................................................ ~ 14 s
  2026-09-03 22:20:02 /notifications/unread-count ............................................................. ~ 1 s
  2026-09-03 22:20:03 /notifications/unread-count ............................................................ ~ 14 s
  2026-09-03 22:20:32 /notifications/unread-count ............................................................. ~ 1 s
  2026-09-03 22:20:33 /notifications/unread-count ............................................................ ~ 15 s
  2026-09-03 22:21:02 /notifications/unread-count ............................................................. ~ 1 s
  2026-09-03 22:21:02 /notifications/unread-count ............................................................ ~ 15 s
  2026-09-03 22:21:32 /notifications/unread-count ............................................................. ~ 1 s
  2026-09-03 22:21:32 /notifications/unread-count ............................................................ ~ 14 s
  2026-09-03 22:22:02 /notifications/unread-count ............................................................. ~ 1 s
  2026-09-03 22:22:02 /notifications/unread-count ............................................................ ~ 14 s
  2026-09-03 22:22:32 /notifications/unread-count ........................................................ ~ 502.04ms
  2026-09-03 22:22:33 /notifications/unread-count ............................................................ ~ 15 s
  2026-09-03 22:23:02 /notifications/unread-count ............................................................. ~ 1 s
  2026-09-03 22:23:03 /notifications/unread-count ............................................................ ~ 14 s
  2026-09-03 22:23:32 /notifications/unread-count ............................................................. ~ 1 s
  2026-09-03 22:23:33 /notifications/unread-count ............................................................ ~ 14 s
  2026-09-03 22:24:02 /notifications/unread-count ........................................................ ~ 501.53ms
  2026-09-03 22:24:02 /notifications/unread-count ............................................................ ~ 15 s
  2026-09-03 22:24:32 /notifications/unread-count ............................................................. ~ 1 s
  2026-09-03 22:24:33 /notifications/unread-count ............................................................ ~ 14 s
  2026-09-03 22:25:02 /notifications/unread-count ............................................................. ~ 1 s
  2026-09-03 22:25:03 /notifications/unread-count ............................................................ ~ 15 s
  2026-09-03 22:25:32 /notifications/unread-count ............................................................. ~ 1 s
  2026-09-03 22:25:33 /notifications/unread-count ............................................................ ~ 14 s
  2026-09-03 22:26:02 /notifications/unread-count ........................................................ ~ 523.02ms
  2026-09-03 22:26:03 /notifications/unread-count ............................................................ ~ 15 s
  2026-09-03 22:26:32 /notifications/unread-count ............................................................. ~ 1 s
  2026-09-03 22:26:33 /notifications/unread-count ............................................................ ~ 14 s
  2026-09-03 22:27:02 /notifications/unread-count ............................................................. ~ 1 s
  2026-09-03 22:27:02 /notifications/unread-count ............................................................ ~ 15 s
  2026-09-03 22:27:32 /notifications/unread-count ............................................................. ~ 1 s
  2026-09-03 22:27:33 ......................................................................................... ~ 3 s
